"","ID","First_Author","Year","Journal_Abrev","Title","Decision","Library URL","doi","pmid"
"1","14af33a44fd6e5b477f073259c2e3ca0204534ff32860c3e172d4386f946e03d","Andermann, Tessa M.",2021,"Transplant. Cell. Ther.","A Fructo-Oligosaccharide Prebiotic Is Well Tolerated in Adults Undergoing Allogeneic Hematopoietic Stem Cell Transplantation: A Phase I Dose-Escalation Trial","include","https://app.readcube.com/library/e709e885-1259-44a2-b6a4-521798c9bfd8/item/fd5a92f2-8290-449d-96ab-dfe04bc6a8fd","10.1016/j.jtct.2021.07.009",34274493
"2","2e1192244d3f98d5439ca60345c627617af66c46fa416038dfb1d6e62bbedf12","Bai, Wenxuan",2025,"Exp. Hematol.","A new anchor point for gut microbiome to regulate complications of allogeneic hematopoietic stem cell transplantation: oxidative stress","include","https://app.readcube.com/library/e709e885-1259-44a2-b6a4-521798c9bfd8/item/57990ee6-2204-492c-9010-19877294a185","10.1016/j.exphem.2025.104833",40523420
"3","022b0ed0dd06d28b585d1e77f89efc9247a778d0f417717775a0321723616c3c","Din, Muhammad Azhar Ud",2025,"Mol. Med.","Advancing therapeutic strategies for graft-versus-host disease by targeting gut microbiome dynamics in allogeneic hematopoietic stem cell transplantation: current evidence and future directions","include","https://app.readcube.com/library/e709e885-1259-44a2-b6a4-521798c9bfd8/item/8f702059-b8c7-424e-a5f1-0805c44dab82","10.1186/s10020-024-01060-x",39754054
"4","6a46799485cc5020db3972279ad87f1db937d19ad76076bc68bd24b33e7a7955","Butters, Coen",2023,"Expert Rev. Anti-Infect. Ther.","Adverse effects of antibiotics in children with cancer: are short-course antibiotics for febrile neutropenia part of the solution?","include","https://app.readcube.com/library/e709e885-1259-44a2-b6a4-521798c9bfd8/item/87250b64-5033-45c3-8f36-8be2b5741a7a","10.1080/14787210.2023.2171987",36694289
"5","166113166274bba7a9404c2b56c630b47bd7fd636897c36ff1b5b1018bfe8c7c","Beckman, M. F.",2021,"Support. Care Cancer","Allogenic stem cell transplant-associated acute graft versus host disease: a computational drug discovery text mining approach using oral and gut microbiome signatures","include","https://app.readcube.com/library/e709e885-1259-44a2-b6a4-521798c9bfd8/item/96606a6f-1fa6-46f8-8fb5-34976e548990","10.1007/s00520-020-05821-2",33094358
"6","8ebb54b5e8a6075e6233ed9f5f6ea831471b22a0107f603572401b88af375167","Gavriilaki, Eleni",2024,"Int. J. Mol. Sci.","Alteration of Gut Microbiota Composition and Diversity in Acute and/or Chronic Graft-versus-Host Disease Following Hematopoietic Stem Cell Transplantation: A Prospective Cohort Study","include","https://app.readcube.com/library/e709e885-1259-44a2-b6a4-521798c9bfd8/item/43f8cd34-bda2-4109-9a0b-c0b0b8db8379","10.3390/ijms25115789",38891979
"7","93ed5caba311d5e5e18f21ad0ab77ac9d5f04fac2f03f5b73cbc0829b98c8827","Ferrara, James L.M.",2017,"J. Clin. Investig.","Altered homeostatic regulation of innate and adaptive immunity in lower gastrointestinal tract GVHD pathogenesis","include","https://app.readcube.com/library/e709e885-1259-44a2-b6a4-521798c9bfd8/item/ee6c93b4-8983-4867-97c1-e6a550312f08","10.1172/jci90592",28581444
"8","acb9b66e93f21e4bddde71312ad1160c24914754268b5338d9abef2c1019e209","Fujimoto, Kosuke",2024,"Nature","An enterococcal phage-derived enzyme suppresses graft-versus-host disease","include","https://app.readcube.com/library/e709e885-1259-44a2-b6a4-521798c9bfd8/item/3784aeed-686b-43a7-9b05-33edfc7b01fe","10.1038/s41586-024-07667-8",38987594
"9","f0395fb5625c840a16b53fadcff5b2993705617dcdb925975a02d78d98c0c3e5","Faraci, M.",2024,"Sci. Rep.","Association between oral and fecal microbiome dysbiosis and treatment complications in pediatric patients undergoing allogeneic hematopoietic stem cell transplantation","include","https://app.readcube.com/library/e709e885-1259-44a2-b6a4-521798c9bfd8/item/5e4da785-33fa-4bb8-8478-9112154951c2","10.1038/s41598-024-55690-6",38509104
"10","1c593194549befd2aedc8e9fe1844811bfeaad57c1674c648523cd4f482dead4","Bansal, Rajat",2019,"Blood","Autologous Transplant Recipients Have a Healthier Gut Microbiota at Baseline and Faster Recovery from Microbiome Injury Compared to Allogeneic Transplant Recipients","include","https://app.readcube.com/library/e709e885-1259-44a2-b6a4-521798c9bfd8/item/35ee8045-26f1-43c7-8992-54197e6e592d","10.1182/blood-2019-129304",NA
"11","e25a744788338207d570a4b85b8a491139bdb32ed2ddbed63698bd9c7078df1e","Giaccone, Luisa",2021,"Expert Rev. Hematol.","Biomarkers for acute and chronic graft versus host disease: state of the art","include","https://app.readcube.com/library/e709e885-1259-44a2-b6a4-521798c9bfd8/item/f6cb6a4c-61b9-4d78-997f-3ef5e8d7e146","10.1080/17474086.2021.1860001",33297779
"12","c08bb95e5a78d741976e8ee90d1e76d710f2eb6c11a95d9a3caf5eab12b068cc","González-Rico, Claudia",2025,"Int. J. Infect. Dis.","Changes in the bacterial profile and diversity of the gut microbiota in allogeneic hematopoietic stem cell transplant recipients","include","https://app.readcube.com/library/e709e885-1259-44a2-b6a4-521798c9bfd8/item/e28c920b-a4a8-4eb4-a60f-76cf31d44002","10.1016/j.ijid.2025.108117",41077329
"13","48a8940face01eafaf823ceefa8ca422ff7c9cd684babffa754599163563c624","Deeg, H. Joachim",2021,"Front. Immunol.","Chimerism, the Microenvironment and Control of Leukemia","include","https://app.readcube.com/library/e709e885-1259-44a2-b6a4-521798c9bfd8/item/f435e24c-b69f-4c59-968f-4be8476e1935","10.3389/fimmu.2021.652105",33968052
"14","90010b0e9bd690f34fd9847bf9c2683a8771f030724db41462759f48428bd47d","Doki, Noriko",2017,"Ann. Hematol.","Clinical impact of pre-transplant gut microbial diversity on outcomes of allogeneic hematopoietic stem cell transplantation","include","https://app.readcube.com/library/e709e885-1259-44a2-b6a4-521798c9bfd8/item/cd0f2415-bb97-49cf-93db-f96655ba5a7c","10.1007/s00277-017-3069-8",28733895
"15","28e2faea92578c32adbf4215bbb54881d99c28daffaa0f2a62761e9b5e1ff19e","Gail, Laura Marie",2023,"Front. Immunol.","Complex interactions of cellular players in chronic Graft-versus-Host Disease","include","https://app.readcube.com/library/e709e885-1259-44a2-b6a4-521798c9bfd8/item/097cff60-0f92-4d5a-805f-ae144cc4086d","10.3389/fimmu.2023.1199422",37435079
"16","a8db69a085dd52b95f800692ed52fcf47bcdd657d70bd9dbe32d1c55097c6854","Fujiwara, Hideaki",2021,"Front. Immunol.","Crosstalk Between Intestinal Microbiota Derived Metabolites and Tissues in Allogeneic Hematopoietic Cell Transplantation","include","https://app.readcube.com/library/e709e885-1259-44a2-b6a4-521798c9bfd8/item/50b2c890-23a9-4db1-b658-bb09a9ca533d","10.3389/fimmu.2021.703298",34512627
"17","1699b497493f435711c071af36402b2c5bbd6cfde2dd491f0c29a9fee3b426b0","Godefroy, Emmanuelle",2025,"Curr. Opin. Immunol.","Deciphering and harnessing gut microbiota–associated immune regulation in acute graft-versus-host disease","include","https://app.readcube.com/library/e709e885-1259-44a2-b6a4-521798c9bfd8/item/dee7edd6-2c0e-48a8-8b41-89923b45fc7a","10.1016/j.coi.2025.102676",41075387
"18","c595ec230ba3a764778596743cd494731a3bb047d1820052dc2bbc6fbf5e4b78","Bekker, Vincent",2019,"Biol. Blood Marrow Transplant.","Dynamics of the Gut Microbiota in Children Receiving Selective or Total Gut Decontamination Treatment during Hematopoietic Stem Cell Transplantation","include","https://app.readcube.com/library/e709e885-1259-44a2-b6a4-521798c9bfd8/item/56a8b9ad-f875-4eff-a7ef-44591076a050","10.1016/j.bbmt.2019.01.037",30731251
"19","a52e9b0843b25291b9666642c1a8ab953f48a5497a96a798a630009f12600716","Biagi, Elena",2019,"BMC Méd. Genom.","Early gut microbiota signature of aGvHD in children given allogeneic hematopoietic cell transplantation for hematological disorders","include","https://app.readcube.com/library/e709e885-1259-44a2-b6a4-521798c9bfd8/item/834ce93b-8d99-4e30-ad9b-97d4be077aeb","10.1186/s12920-019-0494-7",30845942
"20","84619499c9010a8b7cd88ae61a03c0cf27cf50840c610433e582caf8b6f75749","Docampo, Melissa D.",2015,"Biol. Blood Marrow Transplant.","Emerging Influence of the Intestinal Microbiota during Allogeneic Hematopoietic Cell Transplantation: Control the Gut and the Body Will Follow","include","https://app.readcube.com/library/e709e885-1259-44a2-b6a4-521798c9bfd8/item/9e4f275a-cc2c-430a-b3dc-8d4e5556493a","10.1016/j.bbmt.2015.02.016",25708215
"21","954e9b22c25755f694a0efe33d3e11b11db518029fe9388fe23fc7848c99dd70","DeFilipp, Zachariah",2019,"Biol. Blood Marrow Transplant.","Fecal Microbiota Transplantation: Restoring the Injured Microbiome after Allogeneic Hematopoietic Cell Transplantation","include","https://app.readcube.com/library/e709e885-1259-44a2-b6a4-521798c9bfd8/item/a223ad7c-5faf-4fbb-afde-3b1809a8239a","10.1016/j.bbmt.2018.10.022",30408565
"22","c22c0843edda37fe86e0a94f782887a47273e90bfde22706331b321703a5545e","Fan, Christopher",2026,"Blood Adv.","Fecal carbohydrate-degrading bacteria are associated with reduced incidence of lower gastrointestinal GVHD","include","https://app.readcube.com/library/e709e885-1259-44a2-b6a4-521798c9bfd8/item/4d11ea6b-d77f-4b42-aee8-9f8c20b1a930","10.1182/bloodadvances.2025016780",41558030
"23","8c588cda353131c87f973b6886338c8176734667ec63cbc661fcda2fa23c462b","Goeser, Felix",2021,"Eur. J. Haematol.","Fecal microbiota transfer for refractory intestinal graft‐versus‐host disease — Experience from two German tertiary centers","include","https://app.readcube.com/library/e709e885-1259-44a2-b6a4-521798c9bfd8/item/d5c8b2fa-5c2b-4c74-934c-dec0551f90b6","10.1111/ejh.13642",33934412
"24","381beabd8ed3c9883efd2295af9a9a711521711ca17f69c51c338ca9cd401e20","Bhattacharyya, Abir",2018,"Biol. Blood Marrow Transplant.","Graft-Derived Reconstitution of Mucosal-Associated Invariant T Cells after Allogeneic Hematopoietic Cell Transplantation","include","https://app.readcube.com/library/e709e885-1259-44a2-b6a4-521798c9bfd8/item/c8cb5d3a-81a5-4799-84ef-6ce578b17512","10.1016/j.bbmt.2017.10.003",29024803
"25","81a3ade1bcadc6a4cfc3b1e2177f6b0a33cd17225b92ca0c768791f001d053c2","Chiusolo, Patrizia",2015,"Blood","Gut Microbiome Changes after Stem Cell Transplantation","include","https://app.readcube.com/library/e709e885-1259-44a2-b6a4-521798c9bfd8/item/55af9284-5cb6-41fa-be6c-d052980d953f","10.1182/blood.v126.23.1953.1953",NA
"26","6179b9f4008c33ae6885a3d6e776ea06ae9e24855b2cac1f3f51412e3840b8fa","Le Bastard, Quentin",2021,"World J. Gastroenterol.","Gut microbiome in allogeneic hematopoietic stem cell transplantation and specific changes associated with acute graft vs host disease","include","https://app.readcube.com/library/e709e885-1259-44a2-b6a4-521798c9bfd8/item/da358b97-fcf0-44c9-991c-fa28d0b04c59","10.3748/wjg.v27.i45.7792",34963742
"27","85e3de8b23f21c61b786221199d9779e2e5e655d0ba2125e7a545010ce1c14c3","Göttert, Sascha",2022,"Blood","Immunomodulatory Microbial Metabolites Identified in Allo-SCT Patients Protect from GvHD By Sting Dependent Modulation of Intestinal Tissue Homeostasis","include","https://app.readcube.com/library/e709e885-1259-44a2-b6a4-521798c9bfd8/item/4c1f5541-ced3-4fb8-8999-17fd00b127ee","10.1182/blood-2022-169118",NA
"28","65cdfc47099f90323c53c9329fa83a8fc0cbfa185b341a6bd3b35b76804b286b","Du, Jing",2023,"Blood","Increased Circulating 2-Methylbutyrate Following Fecal Microbiota Transplantation in Patients with Refractory-Chronic Graft-Versus-Host Disease after Allogeneic Hematopoietic Cell Transplantation","include","https://app.readcube.com/library/e709e885-1259-44a2-b6a4-521798c9bfd8/item/389a43c4-496d-4d67-a637-7e6d338bd722","10.1182/blood-2023-180818",NA
"29","03392b73984bc38d4584d6ee18fc1dd4adcae18d5ddd68e58d032e7613d4c069","Biscaglia, Giuseppe",2025,"Nutrients","Inflammatory Bowel Disease, Gastrointestinal Graft-Versus-Host Disease and Immune Checkpoint Inhibitors Induced Colitis: Similar Diseases to Treat with Fecal Microbiota Transplantation","include","https://app.readcube.com/library/e709e885-1259-44a2-b6a4-521798c9bfd8/item/740af1de-4172-4230-8a0e-700576200412","10.3390/nu17233788",41374078
"30","dcef39537b6146803952fde1f0a78c4bbc1a839421cbd1b2281d51f8f0b5eca6","Brehm, Victoria",2025,"Transplant. Cell. Ther.","Inflammatory Markers and Microbiome Dysbiosis in Hematopoietic Cell Transplant Recipients with Lung Graft-versus-Host Disease","include","https://app.readcube.com/library/e709e885-1259-44a2-b6a4-521798c9bfd8/item/6a2c5129-ea91-4450-878a-261ef2e4a665","10.1016/j.jtct.2025.06.020",40543709
"31","a2f8b4e0ea86189ede00c2ad3adeb5e97125730bc01c1f1b29be60f314a0985e","Gorshein, Elan",2017,"Clin. Transplant.","Lactobacillus rhamnosus GG probiotic enteric regimen does not appreciably alter the gut microbiome or provide protection against GVHD after allogeneic hematopoietic stem cell transplantation","include","https://app.readcube.com/library/e709e885-1259-44a2-b6a4-521798c9bfd8/item/867b139c-3676-4eef-b35d-b74ede9cf146","10.1111/ctr.12947",28256022
"32","9d6ba4c3675648aac1348ab3193648b93967529ca49c9c14cc548ff4ab31992d","Andrlova, Hana",2021,"Blood","MAIT and Vδ2 Unconventional T Cells Predict Favorable Outcome after Allogeneic HCT and Are Supported By a Diverse Intestinal Microbiome","include","https://app.readcube.com/library/e709e885-1259-44a2-b6a4-521798c9bfd8/item/6132d579-bf57-484e-abdd-7f682ec6b374","10.1182/blood-2021-151412",NA
"33","ca21c3658a0e1da51f92154d9454890107597288aa326d8f2aa38dd14bb0fd1c","Andrlová, Hana",2022,"Sci. Transl. Med.","MAIT and Vδ2 unconventional T cells are supported by a diverse intestinal microbiome and correlate with favorable patient outcome after allogeneic HCT","include","https://app.readcube.com/library/e709e885-1259-44a2-b6a4-521798c9bfd8/item/5fca44e1-4a2a-4fe5-b1a7-518192252fdf","10.1126/scitranslmed.abj2829",35613281
"34","7131405ea82f58a9e1580a35511760f7747edadb1706f9627348e08ce3b3602a","Alba, Claudio",2026,"Int. J. Mol. Sci.","Metataxonomic Analysis and Fatty Acid Profiling of Feces from Children Undergoing Hematopoietic Stem Cell Transplantation","include","https://app.readcube.com/library/e709e885-1259-44a2-b6a4-521798c9bfd8/item/8a001eab-f7ac-4d95-9689-5fd91adef60e","10.3390/ijms27052331",41828553
"35","27a59f5d0ca5f6abc2cceaecfca912c3c651c2dce5535132c51b1b22a1430a84","Farhadfar, Nosha",2018,"Blood","Microbiota Phylogenic Analysis Revealed Decreased Abundance of Faecalibacterium Prausnitzii, an Anti-Inflammatory Commensal Bacterium, in Patients with Chronic Graft-Versus-Host Disease","include","https://app.readcube.com/library/e709e885-1259-44a2-b6a4-521798c9bfd8/item/ce76727a-4626-43c0-8c1e-42b53e484bba","10.1182/blood-2018-99-113658",NA
"36","900da310d2ed6ce193344f31256c8e680ce90623529ef4757d5f63a9d6845d3e","Artacho, Alejandro",2024,"Microbiome","Multimodal analysis identifies microbiome changes linked to stem cell transplantation-associated diseases","include","https://app.readcube.com/library/e709e885-1259-44a2-b6a4-521798c9bfd8/item/9e5d0f81-c2da-47ef-a4a5-5a7d7f56b099","10.1186/s40168-024-01948-0",39511587
"37","8b71460920e7185f063d85896842db21d57897957cbc1df747a96895dcc434c7","Biennier, Salomé",2024,"Microorganisms","Narrative Review: Advancing Dysbiosis Treatment in Onco-Hematology with Microbiome-Based Therapeutic Approach","include","https://app.readcube.com/library/e709e885-1259-44a2-b6a4-521798c9bfd8/item/978af230-4180-4424-be34-7f54eb387d10","10.3390/microorganisms12112256",39597645
"38","3d90e6c193c11c759649375ffdabf34e9ab7905614c8a734fd060c80759ceff9","Ara, Takahide",2021,"Front. Immunol.","Novel Insights Into the Mechanism of GVHD-Induced Tissue Damage","include","https://app.readcube.com/library/e709e885-1259-44a2-b6a4-521798c9bfd8/item/fb92dfaf-6803-4697-980d-9b7edfc13bad","10.3389/fimmu.2021.713631",34512636
"39","073db303a3bcd2973a1294a07935727acc7b47665c91eb2793d674bc8a4b71e3","Daoud-Asfour, Haneen",2022,"Transplant. Cell. Ther.","Omitting Ciprofloxacin Prophylaxis in Patients Undergoing Allogeneic Hematopoietic Stem Cell Transplantation and Its Impact on Clinical Outcomes and Microbiome Structure","include","https://app.readcube.com/library/e709e885-1259-44a2-b6a4-521798c9bfd8/item/73d3cdc1-7488-422e-b4f9-0ebe086f8323","10.1016/j.jtct.2021.12.012",34954293
"40","e1fec3774a6bf815cce9ab07e48343304122f682e597dbe31a3a6beadfa5d201","Gandhi, Parth",2020,"Blood","Plasma Short Chain Fatty Acids As a Predictor of Response to Therapy for Life-Threatening Acute Graft-Versus-Host Disease","include","https://app.readcube.com/library/e709e885-1259-44a2-b6a4-521798c9bfd8/item/f0cc4e75-62d3-4e71-b49a-6d420c9a8dbd","10.1182/blood-2020-140117",NA
"41","81c3fe0a96cf2e4d71e724be68908553afb1b19c681a723597e795134028d027","Crossland, Rachel E.",2020,"Front. Immunol.","Potential Novel Biomarkers in Chronic Graft-Versus-Host Disease","include","https://app.readcube.com/library/e709e885-1259-44a2-b6a4-521798c9bfd8/item/fc2c9170-6305-42ca-9b84-b89c3dc6eb43","10.3389/fimmu.2020.602547",33424849
"42","ce19bd9e7a050611968b47521241200f5f3a96cbb2776454d783dca773aa0c95","Golob, Jonathan L",2017,"Clin. Infect. Dis.","Stool Microbiota at Neutrophil Recovery Is Predictive for Severe Acute Graft vs Host Disease After Hematopoietic Cell Transplantation","include","https://app.readcube.com/library/e709e885-1259-44a2-b6a4-521798c9bfd8/item/9a051644-764a-47d2-9b7f-5fc6779f92a3","10.1093/cid/cix699",29020185
"43","615dcda8e472754d765078ab4420b4bdbd05585283616db5962b50e994f560ae","Blair, Lily",2019,"Blood","The Blood Microbiome Predicts Acute Graft-Versus-Host Disease after Stem Cell Transplantation","include","https://app.readcube.com/library/e709e885-1259-44a2-b6a4-521798c9bfd8/item/2bb273ac-5986-42b1-8019-b2ac8830b29b","10.1182/blood-2019-129272",NA
"44","352f52402d35bd58498119c88bfa0c8d2683519f42942218bdc1eed354f0da8b","Devaux, Christian Albert",2020,"Front. Microbiol.","The Butyrogenic and Lactic Bacteria of the Gut Microbiota Determine the Outcome of Allogenic Hematopoietic Cell Transplant","include","https://app.readcube.com/library/e709e885-1259-44a2-b6a4-521798c9bfd8/item/eecb0439-cf90-4652-aa23-1b309dc11940","10.3389/fmicb.2020.01642",32793150
"45","8958235f5c40f0fe4131258d085b86ab77e1c555ad2ea7eb516e026c86e1840b","Gavriilaki, Maria",2020,"Biol. Blood Marrow Transplant.","The Impact of Antibiotic-Mediated Modification of the Intestinal Microbiome on Outcomes of Allogeneic Hematopoietic Cell Transplantation: Systematic Review and Meta-Analysis","include","https://app.readcube.com/library/e709e885-1259-44a2-b6a4-521798c9bfd8/item/371940e8-2914-491d-874f-f50a6a8ec8cb","10.1016/j.bbmt.2020.05.011",32447043
"46","4b8b3464cac34bc1d6f0eb3685fd6a1bcd660dbeb3c92dd6e7f2052d2f5a99a7","Gao, Meng-Ge",2021,"Front. Immunol.","The Potential Roles of Mucosa-Associated Invariant T Cells in the Pathogenesis of Gut Graft-Versus-Host Disease After Hematopoietic Stem Cell Transplantation","include","https://app.readcube.com/library/e709e885-1259-44a2-b6a4-521798c9bfd8/item/2b823365-8724-4838-b07e-9a30666b33ea","10.3389/fimmu.2021.720354",34539656
"47","16c1b393afc4b05e71e4b9166368e4db6060d7260cf6f21da9be677a3ae9ed1b","Biliński, Jarosław",2022,"Biomedicines","The Role of Fecal Microbiota Transplantation in the Treatment of Acute Graft-versus-Host Disease","include","https://app.readcube.com/library/e709e885-1259-44a2-b6a4-521798c9bfd8/item/a2d8a315-4f8b-4c65-a60a-ac00cf883b07","10.3390/biomedicines10040837",35453587
"48","6d33704a7e59fad05b60d700d395d2fde05380d2e053e21c8b94637611672a1a","Chen, Yuanyuan",2015,"J. Immunol. Res.","The Role of Intestinal Microbiota in Acute Graft‐versus‐Host Disease","include","https://app.readcube.com/library/e709e885-1259-44a2-b6a4-521798c9bfd8/item/334bc4eb-248e-4675-9d3d-198e1a7f740c","10.1155/2015/145859",26090477
"49","bcbf4e89ad66ed4b9bb228ce83f7ded1aea9555d39f68ce8ea65ed082b7b12de","Gao, Jun",2023,"Transplant. Cell. Ther.","The clinical value of anal swabs for microbial detection in allogeneic haematopoietic stem cell transplantation","include","https://app.readcube.com/library/e709e885-1259-44a2-b6a4-521798c9bfd8/item/4bee6c78-12a3-429a-96bf-8f5791f8dd1e","10.1016/j.jtct.2023.07.018",37499872
"50","20e87304d76e651d7f14de5d0c52cd7dbc2dcc3cd033a9e62c13705a2421c425","Chang, Chia-Chi",2021,"Expert Opin. Biol. Ther.","The role of microbiota in allogeneic hematopoietic stem cell transplantation","include","https://app.readcube.com/library/e709e885-1259-44a2-b6a4-521798c9bfd8/item/b8268e46-0b7c-4eb4-b668-489ac8ae349b","10.1080/14712598.2021.1872541",33412949
"51","102f2bbfa4645265a7f9ac03cd29f10e3aba5a5ff98af828d551d34d14d22973","DeFilipp, Zachariah",2018,"Blood Adv.","Third-party fecal microbiota transplantation following allo-HCT reconstitutes microbiome diversity","include","https://app.readcube.com/library/e709e885-1259-44a2-b6a4-521798c9bfd8/item/f644772f-2b37-44e9-9593-4a4e1fe3e622","10.1182/bloodadvances.2018017731",29592876
"52","734daa82892c516a10b87670578d6032a5bed2096a941db1bfa9dc12fe813407","Gooptu, Mahasweta",2020,"Haematologica","Translational and clinical advances in acute graft-versus-host disease","include","https://app.readcube.com/library/e709e885-1259-44a2-b6a4-521798c9bfd8/item/57193805-7268-4001-bf93-197e0b162f96","10.3324/haematol.2019.240309",33054103
"53","24abad8ad0954815a5a0dfabe0ece4b27a683c6d050bc3582bb5816dcf2316d0","Barrett, John",2018,"Best Pr. Res. Clin. Haematol.","Why is a 3-year NRM following allogeneic transplantation still stuck at approximately 20%?","include","https://app.readcube.com/library/e709e885-1259-44a2-b6a4-521798c9bfd8/item/7e54ee3d-d334-4bf6-8e52-8b93ec1762b2","10.1016/j.beha.2018.09.011",30466759
