ID,citing_paper,local_number,full_citation,Type,TypeOfIdentifier,Identifier
10.1016/j.critrevonc.2026.105229_1,Hsu_2026,1,"Faecal, 2021. Microbiota Transplantation for Prevention of Graft-versus-host Sisease After Allogeneic Stem Cell Transplantation for Haematological Malignancies, F. Ministry of Health and H. French Society of. Editors.",UNKNOWN,Original,"Faecal, 2021. Microbiota Transplantation for Prevention of Graft-versus-host Sisease After Allogeneic Stem Cell Transplantation for Haematological Malignancies, F. Ministry of Health and H. French Society of. Editors."
10.1016/j.critrevonc.2026.105229_3,Hsu_2026,3,Intestinal Microbiome-based Research for the Prevention of Acute Graft-versus-host Disease. 2023.,UNKNOWN,Original,Intestinal Microbiome-based Research for the Prevention of Acute Graft-versus-host Disease. 2023.
10.1097/TP.0000000000004629_32,Lakshmanan_2023,32,"Floch MH, Ringel Y, Walker WA, eds. The Microbiota in Gastrointestinal Pathophysiology Implications for Human Health, Prebiotics, Probiotics, and Dysbiosis. Elsevier Inc.; 2017.",Book,ISBN,978-0-12-804024-9
10.1097/TP.0000000000004629_91,Lakshmanan_2023,91,"NIH National Center for Complemenary and Integrative Health. Probiotics: what you need to know. 2019. Available at https://www.nccih.nih.gov/health/probiotics-what-you-need-to-know. Accessed May 1, 2022.",Guidelines,Website,https://www.nccih.nih.gov/health/probiotics-usefulness-and-safety
10.1097/TP.0000000000004629_100,Lakshmanan_2023,100,"American Cancer Society. Food safety during cancer treatment. 2019. Available at https://www.cancer.org/treatment/survivorship-during-and-after-treatment.... Accessed August 1, 2022.",Guidelines,Website,https://www.cancer.org/cancer/supportive-care/weak-immune-system.html
10.3389/fimmu.2023.1199422_63,Gail_2023,63,"Hakim FM. The immune system: effector and target of graft-versus-host-disease. In: Deeg HJ, Burakoff SJ, editors. Graft-vs.-Host disease. Marcel Dekker, New York: (1997). p. 257–89.",Book,ISBN,824797280
10.3389/fnut.2022.993668_1,Muratore_2022,1,"Carreras E, Dufour C, Mohty M, Kröger N. The EBMT Handbook?: Hematopoietic Stem Cell Transplantation and Cellular Therapies. Cham: Springer International Publishing; (2019). - PubMed",Book,DOI,10.1007/978-3-030-02278-5
10.6004/jadpro.2022.13.1.5_14,Thomas_2022,14,"Sahdev, I., & Abdel-Azim, H. (2016). Lanzkowsky's manual of pediatric hematology and oncology (6th ed.) (pp 577–604). Academic Press. [Google Scholar]",Book Chapter,ISBN,978-0-12-801368-7
10.1186/s40164-021-00240-3_2,Lin_2021,2,"Forman SJ NR, Antin JH, Appelbaum FR, editors. Thomas’ hematopoietic cell transplantation. 5rd ed. Chichester: Wiley. 2016.",Book,ISBN,978-1-118-41600-6
10.3324/haematol.2020.247395_1,Henig_2020,1,"D'Souza A, Fretham C. Current uses and outcomes of hematopoietic cell transplantation (HCT): CIBMTR Summary Slides, 2019. Available at https://www.cibmtr.org. Accessed April, 2020. 2019.",Reports,Website,https://cibmtr.org/CIBMTR/Resources/Summary-Slides-Reports
10.3389/fimmu.2020.602547_79,Crossland_2020,79,"Prenc E. N-glycosylation of immunoglobulin G in chronic graft-versus-host disease. PhD thesis (2019). Available at: http://medlib.mef.hr/3450/ (Accessed July 8, 2020).",Thesis,Website,http://medlib.mef.hr/3450/
10.3389/fimmu.2018.03179_1,Kohler_2019,1,"D'Souza, Fretham C. Current Uses and Outcomes of Hematopoietic Cell Transplantation (HCT): CIBMTR Summary Slides (2017). Available online at: http://www.cibmtr.org",Reports,Website,https://cibmtr.org/CIBMTR/Resources/Summary-Slides-Reports
10.1182/blood-2016-09-691394_2,Staffas_2017,2,"Pasquini MC, Zhu X. Current uses and outcomes of hematopoietic stem cell transplantation: CIBMTR summary slides. Available at: http://www.cibmtr.org. Accessed 18 September 2016.",Reports,Website,https://cibmtr.org/CIBMTR/Resources/Summary-Slides-Reports
10.1155/2015/145859_16,Chen_2015,16,"16.Pasquini M. C., Wang Z., Horowitz M. M., Gale R. P. 2010 report from the Center for International Blood and Marrow Transplant Research (CIBMTR): current uses and outcomes of hematopoietic cell transplants for blood and bone marrow disorders. Clinical Transplantation. 2010:87–105. [PubMed] [Google Scholar]",Paper,PMID,21696033
10.1080/14787210.2023.2171987_22,Butters_2023,22,Overview | Neutropenic sepsis: prevention and management in people with cancer | Guidance | NICE [Internet]. NICE; 2022 [cited 2022 Aug 19]. Available from: https://www.nice.org.uk/guidance/cg151(open in a new window).,Guidelines,Website,https://www.nice.org.uk/guidance/cg151
10.1080/14787210.2023.2171987_60,Butters_2023,60,WHO strategic priorities on antimicrobial resistance [Internet]. [ cited 2022 Sep 14]. Available from: https://www.who.int/publications-detail-redirect/9789240041387(open in a new window).,Reports,ISBN,978-92-4-004138-7
10.1080/14787210.2023.2171987_124,Butters_2023,124,"Oxford centre for evidence-based medicine: levels of Evidence (March 2009) — centre for Evidence-Based Medicine (CEBM), University of Oxford [Internet]. [ cited 2022 Oct 4]. Available from: https://www.cebm.ox.ac.uk/resources/levels-of-evidence/oxford-centre-for-evidence-based-medicine-levels-of-evidence-march-2009(open in a new window).",Guidelines,Website,https://www.cebm.ox.ac.uk/resources/levels-of-evidence/oxford-centre-for-evidence-based-medicine-levels-of-evidence-march-2009
10.1080/10428194.2025.2610407_30,Reed&DeFilipp_2026,30,"Magenau JH, Bai M, Martens L, et al. LBA-2 - A randomized, double-blind, placebo-controlled phase III trial of alpha-1-antitrypsin for treatment of high risk acute GVHD (BMT CTN 1705). Transplantation & cellular therapy meetings of ASTCT and CIBMTR. Honolulu, HI; 2025.",Abstract,Original,"Magenau JH, Bai M, Martens L, et al. LBA-2 - A randomized, double-blind, placebo-controlled phase III trial of alpha-1-antitrypsin for treatment of high risk acute GVHD (BMT CTN 1705). Transplantation & cellular therapy meetings of ASTCT and CIBMTR. Honolulu, HI; 2025."
10.1007/978-3-031-84988-6_6_22,Lee&Carpenter_2025,22,BMTinfonet.org. Directory of Graft-versus-Host Disease (GVHD) Clinics and Physicians. https://bmtinfonet.org/gvhd-directory,Website,Website,https://bmtinfonet.org/gvhd-directory
10.1007/978-3-031-84988-6_6_43,Lee&Carpenter_2025,43,"Deeg HJ, Seidel K, Bruemmer B, Pepe MS, Appelbaum FR (1995) Impact of patient weight on non-relapse mortality after marrow transplantation. Bone Marrow Transplant 15(3):461–468. https://www.ncbi.nlm.nih.gov/pubmed/7599573 - PubMed",Paper,PMID,7599573
10.1007/978-3-031-84988-6_6_49,Lee&Carpenter_2025,49,Eurofins-Viracor L.. Diagnostics for acute graft vs host disease. https://www.eurofins-viracor.com/our-testing/agvhd/,Website,Website,https://www.eurofins-viracor.com/our-testing/agvhd/
10.1007/978-3-031-84988-6_6_77,Lee&Carpenter_2025,77,"Imbruciva (ibrutinib) [package insert] (2024) Sunnyvale, CA: Pharmacyclics",Package Insert,Website,https://www.accessdata.fda.gov/drugsatfda_docs/label/2024/205552s043%2C210563s019%2C217003s004lbl.pdf
10.1007/978-3-031-84988-6_6_82,Lee&Carpenter_2025,82,"Jakafi (ruxolitinib) [package insert] (2021) Wilmington, DE: Incyte Corporation",Package Insert,Website,https://www.accessdata.fda.gov/drugsatfda_docs/label/2021/202192s023lbl.pdf
10.1007/978-3-031-84988-6_6_135,Lee&Carpenter_2025,135,"Niktimvo (axatilimab) [package insert] (2024) Wilmington, DE: Incyte Corporation",Package Insert,Website,https://www.accessdata.fda.gov/drugsatfda_docs/label/2024/761411s000lbl.pdf
10.1007/978-3-031-84988-6_6_137,Lee&Carpenter_2025,137,"Ordentlich P, Wolfreys A, Da Costa A (2016) Targeting colony stimulating factor- 1 receptor (CSF-1R) with SNDX-6352, a novel anti-CSF-1R targeted antibody. J Immunother Cancer 4:P402",Abstract,Website,https://cms.syndax.com/wp-content/uploads/2016/11/SITC_2016_6352_Poster_11.08.16.pdf
10.1007/978-3-031-84988-6_6_144,Lee&Carpenter_2025,144,"Przepiorka D, Chan KW, Champlin RE et al (1995) Prevention of graft-versus-host disease with anti-CD5 ricin A chain immunotoxin after CD3-depleted HLA-nonidentical marrow transplantation in pediatric leukemia patients. Bone Marrow Transplant 16(6):737–741. https://www.ncbi.nlm.nih.gov/pubmed/8750262 - PubMed",Paper,PMID,8750262
10.1007/978-3-031-84988-6_6_150,Lee&Carpenter_2025,150,"Rezurock (belumosudil) [package insert] (2024) Paris, France: Sanofi",Package Insert,Website,https://www.accessdata.fda.gov/drugsatfda_docs/label/2024/214783s007lbl.pdf
10.1186/s10020-024-01060-x_11,Din_2025,11,Araujo AM. IFN-γ mediated death of metabolically altered Paneth cells. Rochester: University of Rochester; 2020.,Thesis,Original,Araujo AM. IFN-γ mediated death of metabolically altered Paneth cells. Rochester: University of Rochester; 2020.
10.1186/s10020-024-01060-x_37,Din_2025,37,Delgado Betancourt E. Comparative analysis of immune responses of intestinal organoids from wild rodents upon infection: challenging the Toxoplasma gondii/house mouse model. Berlin: Humboldt University of Berlin; 2024.,Thesis,Original,Delgado Betancourt E. Comparative analysis of immune responses of intestinal organoids from wild rodents upon infection: challenging the Toxoplasma gondii/house mouse model. Berlin: Humboldt University of Berlin; 2024.
10.3390/nu17233788_65,Biscaglia_2025,65,"65.Zhao Y., Wang Y., Wang Y., Wu D. Fecal microbiota transplantation for graft-versus-host disease: A systematic review and meta-analysis. J. Transl. Med. 2022;20:587. [Google Scholar]",UNKNOWN,Original,"Zhao Y., Wang Y., Wang Y., Wu D. Fecal microbiota transplantation for graft-versus-host disease: A systematic review and meta-analysis. J. Transl. Med. 2022;20:587. "
10.3390/cells13181524_202,Olivieri&Mancini_2024,202,FDA Approves Abatacept for Prophylaxis of Acute Graft versus Host Disease. [(accessed on 15 December 2021)]; Available online: https://www.fda.gov/drugs/resources-information-approved-drugs/fda-appro....,Website,Website,https://www.fda.gov/drugs/resources-information-approved-drugs/fda-approves-abatacept-prophylaxis-acute-graft-versus-host-disease
10.3390/microorganisms12112256_48,Biennier_2024,48,"48.Belizário J.E., Faintuch J. Metabolic Interaction in Infection. Volume 109. Springer; Cham, Switzerland: 2018. Microbiome and Gut Dysbiosis; pp. 459–476. [DOI] [PubMed] [Google Scholar]",Book Chapter,DOI,10.1007/978-3-319-74932-7_13
10.1080/19490976.2023.2178805_1,vanLier_2023,1,"Pasquini M, Wang Z, Horowitz MM, Gale RP.. Report from the Center for International Blood and Marrow Transplant Research (CIBMTR): current uses and outcomes of hematopoietic cell transplants for blood and bone marrow disorders. Clin Transpl. 2013;2013:187–13. - PubMed",Reports,PMID,25095508
10.3390/biomedicines10040837_2,Bilinski_2022,2,"Pasquini M., Wang Z., Horowitz M.M., Gale R.P. 2013 report from the Center for International Blood and Marrow Transplant Research (CIBMTR): Current uses and outcomes of hematopoietic cell transplants for blood and bone marrow disorders. [(accessed on 20 February 2022)];Clin. Transpl. 2013 :187–197. Available online: https://pubmed.ncbi.nlm.nih.gov/25095508/ - PubMed",Reports,PMID,25095508
10.3390/cells10082051_108,Muskens_2021,108,"McKeny P.T., Nessel T.A., Zito P.M. Antifungal Antibiotics. StatPearls Publishing; Treasure Island, FL, USA: 2021. - PubMed",,PMID,30844195
10.3389/fimmu.2021.652105_20,Deeg_2021,20,"20.Fuchs EJ, Luznik L. HLA-haploidentical hematopoietic cell transplantation. UpToDate [Electronic Resource] (2019). Available online at: https://www.uptodate.com/contents/hla-haploidentical-hematopoietic-cell-transplantation",Website,Website,https://www.uptodate.com/contents/hla-haploidentical-hematopoietic-cell-transplantation
10.1007/s00520-020-05821-2_22,Beckman_2021,22,Biological Research Article Distiller v1.2 http://www.cbs.dtu.dk/services/BioReader/,Software/Tool,Website,http://www.cbs.dtu.dk/services/BioReader/
10.1007/s00520-020-05821-2_24,Beckman_2021,24,MetAbolic pAthways DAtabase for Microbial taxonomic groups http://macadam.toulouse.inra.fr/,Database,Website,http://macadam.toulouse.inra.fr/
10.1007/s00520-020-05821-2_26,Beckman_2021,26,Kyoto Encyclopedia of Genes and Genomes (KEGG) database https://www.genome.jp/kegg/,Database,Website,https://www.genome.jp/kegg/
10.1007/s00520-020-05821-2_47,Beckman_2021,47,"Mougeot FB, Beckman M, Osipoff A, Dodd B, Butler C, Noll J, Morton DS, Avalos B, Copelan E, Brennan M, Mougeot JL (2020) Oral microbiome profiles of haematopoietic stem cell transplant patients who develop graft-versus-host disease [abstract]. Support Care Cancer [publication deferred due to COVID]",Abstract,Original,"Mougeot FB, Beckman M, Osipoff A, Dodd B, Butler C, Noll J, Morton DS, Avalos B, Copelan E, Brennan M, Mougeot JL (2020) Oral microbiome profiles of haematopoietic stem cell transplant patients who develop graft-versus-host disease [abstract]. "
10.3390/jpm11020100_5,Pession_2021,5,"Carreras E., Dufour C., Mohty M., Kröger N. The EBMT Handbook: Hematopoietic Stem Cell Transplantation and Cellular Therapies. Springer International Publishing AG; Cham, Switzerland: 2019. - PubMed",Book,DOI,10.1007/978-3-030-02278-5
10.3389/fphar.2020.588449_27,Kumari_2020,27,"Engelking L. R. (2015). “Introduction to section III,” in Textbook of veterinary physiological chemistry. 3rd Edn Editor Engelking L. R. (Boston: Academic Press; ), 116.",Book Chapter,ISBN,978-0-12-391910-6
10.3389/fmicb.2020.01642_170,Devaux_2020,170,"World Bank (2017). Drug-resistant infections: a threat to our economic future (Vol. 2): final report (English) number 114679, disclosure date April 08, 2017. HNP/Agriculture Global Antimicrobial Resistance Initiative. Washington, DC: World Bank Group. Available at: http://documents.worldbank.org/curated/en/323311493396993758/final-report",Reports,Website,https://documents.worldbank.org/curated/en/323311493396993758/final-report
10.1182/asheducation-2018.1.236_21,Zeiser_2018,21,"Bolaños-Meade J, Reshef R, Fraser R, et al. Novel Approaches for Graft-Versus-Host Disease (GvHD) Prophylaxis: primary results of progress I multicenter trial of matched allogeneic hematopoietic cell transplantation (alloHCT) using reduced intensity conditioning (RIC) BMT CTN 1203. Biol Blood Marrow Transplant 2018;ASBMT 2018.",Abstract,Original,"Bolaños-Meade J, Reshef R, Fraser R, et al. Novel Approaches for Graft-Versus-Host Disease (GvHD) Prophylaxis: primary results of progress I multicenter trial of matched allogeneic hematopoietic cell transplantation (alloHCT) using reduced intensity conditioning (RIC) BMT CTN 1203. Biol Blood Marrow Transplant 2018;ASBMT 2018."
10.1155/2015/145859_16,Chen_2015,16,"16.Pasquini M. C., Wang Z., Horowitz M. M., Gale R. P. 2010 report from the Center for International Blood and Marrow Transplant Research (CIBMTR): current uses and outcomes of hematopoietic cell transplants for blood and bone marrow disorders. Clinical Transplantation. 2010:87–105. [PubMed] [Google Scholar]",Paper,PMID,21696033
10.1007/s12254-025-01091-y_4,Nikoloudis_2026,4,Consortium RESOLVE. The Project—RESOLVE randomized pragmatic trial (EU CT: 2024-512503-39-00). 2025. https://resolve-leukemia.eu/the-project/. Accessed 22 Aug 2025.,Clinical Trial,Website,https://resolve-leukemia.eu/the-project/
10.1016/j.exphem.2025.104833_30,Bai_2025,30,"A. Agita, MT. Alsagaff Inflammation, immunity, and hypertension Acta Med Indones, 49 (2017), pp. 158-165",Paper,PMID,28790231
10.1016/j.coi.2025.102649_44,Ye_2025,44,"J. Magenau, M. Hamadani, L. Bai, M. Martens, S. Abedin, S. Arai, D. Ponce, N. El Jurdi, H. Choe, M. Oshima, et al. A randomized, double-blind, placebo-controlled phase III trial of alpha-1-antitrypsin for treatment of high risk acute Gvhd (BMT CTN 1705) Transplant Cell Ther Meet ASTCT CIBMTR (2025)",Abstract,Original,"J. Magenau, M. Hamadani, L. Bai, M. Martens, S. Abedin, S. Arai, D. Ponce, N. El Jurdi, H. Choe, M. Oshima, et al. A randomized, double-blind, placebo-controlled phase III trial of alpha-1-antitrypsin for treatment of high risk acute Gvhd (BMT CTN 1705) Transplant Cell Ther Meet ASTCT CIBMTR (2025)"
10.1016/j.jtct.2023.05.007_74,Gray&DeFilipp_2023,74,"OpenBiome. 2023. Available at: https://openbiome.org. Accessed February 21, 2023.",Website,Website,https://openbiome.org/
10.1080/17474086.2017.1288566_91,Pessach_2017,91,"Vossen J, Heidt P, Guiot H, et al. Prevention of acute graft versus host disease in clinical bone marrow transplantation: complete versus selective intestinal decontamination. Recent advances in germ free research. Tokyo: TUP, 2013; 573–577.",Book Chapter,PMID,25180821
10.1182/blood-2016-06-724005_58,deKoning_2016,58,Sheean PM. Nutrition support of blood or marrow transplant recipients: how much do we really know?Pract Gastroenterol. 2005;26:84-97.,Article,Website,https://med.virginia.edu/ginutrition/wp-content/uploads/sites/199/2015/11/Sheehan-0405.pdf
10.1038/nrc.2018.10_161,Shono&vandenBrink_2018,161,"Flowers ME et al. Long-Term Follow-Up After Hematopoietic Stem Cell Transplant. General Guidelines for Referring Physicians (Fred Hutchinson Cancer Research Center/Seattle Cancer Care Alliance, Seattle, 2008).",Guidelines,Website,https://www.fredhutch.org/content/dam/www/research/patient-treatment-and-support/ltfu/LTFU_Guidelines.pdf