sample-id	study	input	trimmed	filtered	denoised	merged	non_chimeric	qc	mapped	stages_imputed
SRR28984048	Fujimoto2024	35144	34987	32799	32782	32746	32679	32679	32677	
SRR28984052	Fujimoto2024	101468	100978	81372	81276	81073	80666	80666	80658	
SRR28984053	Fujimoto2024	101203	100449	83435	83194	82448	69352	69352	69345	
SRR28984054	Fujimoto2024	159151	157806	121196	118185	113782	99675	95824	50844	
SRR28984055	Fujimoto2024	129335	128378	105830	104336	99767	71487	71483	71311	
SRR28984056	Fujimoto2024	119297	118475	94570	94479	94290	93704	93704	93684	
SRR28984057	Fujimoto2024	140857	140017	116352	116186	115652	113908	113698	112585	
SRR28984058	Fujimoto2024	103870	103196	86674	86628	86428	85936	85936	85777	
SRR28984059	Fujimoto2024	133359	132377	110943	110797	109442	94480	94480	94441	
SRR28984060	Fujimoto2024	109060	108270	88509	88360	88047	86342	86342	86338	
SRR28984061	Fujimoto2024	95194	93401	73507	72449	70465	42628	42621	42008	
SRR28984062	Fujimoto2024	64414	63398	55216	51358	46614	30776	30031	28711	
SRR28984063	Fujimoto2024	133347	132318	106415	105879	104259	93620	93620	93440	
SRR28984064	Fujimoto2024	101350	100625	81366	81030	80041	75680	75680	75680	
SRR28984065	Fujimoto2024	117147	116166	96444	96359	95807	93458	93458	93245	
SRR28984066	Fujimoto2024	102238	101456	83404	83057	82129	77637	77632	77621	
SRR28984067	Fujimoto2024	26964	26817	23874	23841	23802	23760	23760	23729	
SRR28984068	Fujimoto2024	93165	92386	75151	73774	71331	60929	60918	60792	
SRR28984069	Fujimoto2024	64688	64165	57458	56669	55631	50153	50061	49495	
SRR28984070	Fujimoto2024	111490	110593	89642	88595	87016	77061	77057	76554	
SRR28984071	Fujimoto2024	112091	111549	90568	89412	87374	77734	77682	77475	
SRR28984072	Fujimoto2024	122333	121628	97078	96094	94173	83163	83161	82972	
SRR28984073	Fujimoto2024	121702	120987	95141	94316	92741	85129	85126	84679	
SRR28984074	Fujimoto2024	114999	114367	91969	91761	91205	82998	82998	82482	
SRR28984075	Fujimoto2024	109636	109030	85052	83914	81534	67397	67397	66962	
SRR28984076	Fujimoto2024	85739	85015	68204	67140	64869	53211	53193	53099	
SRR28984077	Fujimoto2024	117660	116579	93429	92400	90505	71213	71213	61129	
SRR28984078	Fujimoto2024	43330	43064	39450	39406	39333	39318	39300	39287	
SRR28984079	Fujimoto2024	132209	131005	104729	103867	102116	83052	83052	69661	
SRR28984080	Fujimoto2024	128279	126930	102537	101879	100397	83574	83574	77787	
SRR28984081	Fujimoto2024	97257	96385	77730	77190	76391	58546	58497	58406	
SRR28984082	Fujimoto2024	82294	81625	65267	64706	63683	43684	43639	43622	
SRR28984083	Fujimoto2024	105777	105014	85548	84964	84009	74287	74287	74274	
SRR28984084	Fujimoto2024	91340	90454	73447	73209	72898	63068	63068	63059	
SRR28984085	Fujimoto2024	82139	81491	67186	67062	66829	58793	58793	58784	
SRR28984086	Fujimoto2024	100119	99270	82581	82464	82275	77456	77456	77444	
SRR28984087	Fujimoto2024	124961	124002	99029	98933	98855	98693	98681	98528	
SRR28984088	Fujimoto2024	111477	108448	85153	84769	83636	75851	75847	62257	
SRR28984089	Fujimoto2024	23955	23850	21574	21431	21266	21113	20962	20846	
SRR28984090	Fujimoto2024	101713	100813	80342	79604	78377	69294	69287	69077	
SRR28984091	Fujimoto2024	53526	52560	47644	45714	41428	24847	24797	24500	
SRR28984092	Fujimoto2024	123019	121997	101029	100800	100666	100267	100264	100244	
SRR28984093	Fujimoto2024	61369	60999	55036	54049	52623	48832	48721	48633	
SRR28984094	Fujimoto2024	31599	31442	28551	28409	28187	26313	26313	26311	
SRR28984095	Fujimoto2024	163074	161486	129159	128295	124769	82843	82843	82830	
SRR28984096	Fujimoto2024	83255	82657	67480	67251	66648	55206	55206	55206	
SRR28984097	Fujimoto2024	88733	88074	71439	71241	70555	65447	65447	65436	
SRR28984098	Fujimoto2024	39909	39714	36892	36870	36841	36819	36819	36819	
SRR28984099	Fujimoto2024	65874	64101	59648	59464	58701	47191	47189	47111	
SRR28984100	Fujimoto2024	21740	20970	19241	19161	18931	18167	18167	18041	
SRR28984101	Fujimoto2024	40133	39929	36771	36754	36723	36480	36480	36474	
SRR28984102	Fujimoto2024	29153	29000	26161	25983	25681	25176	25172	24967	
SRR28984103	Fujimoto2024	92552	91839	74153	73572	73053	66235	66233	65682	
SRR28984104	Fujimoto2024	84519	83912	67590	67020	66534	53878	53850	53783	
SRR28984105	Fujimoto2024	86902	86242	69843	69495	69096	58736	58733	58723	
SRR28984106	Fujimoto2024	75746	75158	67129	65235	62217	46773	46519	44965	
SRR28984107	Fujimoto2024	77948	77303	62494	62233	61768	52272	52265	52262	
SRR28984108	Fujimoto2024	60728	60244	48714	48523	48287	43930	43930	43919	
SRR28984109	Fujimoto2024	38869	38643	34899	34636	34086	30661	30661	30335	
SRR28984110	Fujimoto2024	185035	183712	149430	149238	148531	134872	134872	134862	
SRR28984113	Fujimoto2024	144834	142932	116421	115323	113114	106503	105586	99247	
SRR28984125	Fujimoto2024	99010	98200	81251	81094	80861	79895	79895	77047	
SRR28984139	Fujimoto2024	296847	289998	234283	233699	231843	216914	216914	185885	
SRR28984150	Fujimoto2024	59315	58620	53340	53169	52772	47771	47765	47714	
SRR28984164	Fujimoto2024	63259	62979	58342	58137	57795	54435	54433	54433	
SRR28984175	Fujimoto2024	121664	120947	87868	87740	87389	84348	84348	84344	
SRR28984176	Fujimoto2024	192661	191587	144162	143929	143107	139080	139069	139012	
SRR28984177	Fujimoto2024	122588	121849	97174	96968	96395	92183	92183	92047	
SRR28984178	Fujimoto2024	59792	59490	54018	53924	53710	52058	52058	52048	
SRR28984179	Fujimoto2024	126716	125948	100884	100682	99907	93966	93966	93938	
SRR28984180	Fujimoto2024	134499	133616	106205	106127	105882	105821	105812	105745	
SRR28984181	Fujimoto2024	151895	151023	120897	120831	120521	120512	120505	120377	
SRR28984182	Fujimoto2024	150654	149754	116235	114320	113862	111712	111712	111674	
SRR28984183	Fujimoto2024	94425	93737	70846	70539	69369	63212	63201	63065	
SRR28984184	Fujimoto2024	150658	149824	114097	113552	111248	97072	97068	96939	
SRR28984185	Fujimoto2024	133486	132380	110912	110434	108159	82947	82944	82860	
SRR28984186	Fujimoto2024	134209	133444	103074	102759	102332	101593	101591	101472	
SRR28984187	Fujimoto2024	107675	107175	80693	80339	78776	66633	66631	66310	
SRR28984188	Fujimoto2024	94904	94403	69704	69462	68526	62633	62611	62458	
SRR28984189	Fujimoto2024	81945	81526	62579	62214	61165	53399	53389	53298	
SRR28984190	Fujimoto2024	126202	125443	95976	95811	95663	95466	95450	95300	
SRR28984191	Fujimoto2024	142590	141718	99131	98419	96304	79238	79236	79077	
SRR28984192	Fujimoto2024	102330	101265	73106	70959	67955	60741	58735	56992	
SRR28984193	Fujimoto2024	76230	75621	61352	61265	61145	59835	59835	59832	
SRR28984194	Fujimoto2024	167220	166336	113041	112698	112050	110477	110451	109671	
SRR28984195	Fujimoto2024	161642	160229	124399	123983	123165	116959	116778	114995	
SRR28984196	Fujimoto2024	218407	216553	162934	162543	161706	154029	153941	152798	
SRR28984197	Fujimoto2024	108988	108463	88535	88363	87659	84003	84003	83926	
SRR28984198	Fujimoto2024	115478	114903	96106	95871	94774	75339	75339	75332	
SRR28984199	Fujimoto2024	26140	25985	23775	23616	23180	22218	22218	20885	
SRR28984200	Fujimoto2024	126947	126316	105754	105604	104896	92334	92334	92334	
SRR28984201	Fujimoto2024	90197	89745	70212	69573	67891	57719	57719	57691	
SRR28984202	Fujimoto2024	122351	121840	96472	96162	95318	90453	90453	90448	
SRR28984203	Fujimoto2024	103676	103235	83019	82494	80928	68606	68604	68600	
SRR28984204	Fujimoto2024	94279	93799	78117	77928	77388	70776	70776	70776	
SRR28984205	Fujimoto2024	105788	105300	86632	86385	85487	74866	74866	74860	
SRR28984206	Fujimoto2024	115225	114618	95040	94824	94075	79565	79565	79556	
SRR28984207	Fujimoto2024	102019	101482	82936	82484	80890	64763	64763	64754	
SRR28984208	Fujimoto2024	150961	150243	119752	119066	117404	104615	104615	104612	
SRR28984209	Fujimoto2024	122089	121032	91117	89084	84110	55756	55733	52309	
SRR28984210	Fujimoto2024	23595	23447	21192	21088	20858	19994	19994	19824	
SRR28984211	Fujimoto2024	110148	109574	85981	85589	84193	77808	77767	77421	
SRR28984212	Fujimoto2024	106766	105925	81511	81058	79973	67353	67345	67200	
SRR28984213	Fujimoto2024	109944	109142	81833	81044	79149	66155	66155	65918	
SRR28984214	Fujimoto2024	133453	132269	92582	92234	91202	87277	87277	86925	
SRR28984215	Fujimoto2024	100155	99664	81578	80992	79622	70175	70152	69555	
SRR28984216	Fujimoto2024	97707	96895	75204	74353	72198	52886	52886	50722	
SRR28984217	Fujimoto2024	114605	114041	93476	92509	90403	66242	66238	65688	
SRR28984218	Fujimoto2024	117406	116463	94999	94947	94724	89670	89670	89654	
SRR28984219	Fujimoto2024	100354	99513	82865	82777	82638	82273	82273	82212	
SRR28984220	Fujimoto2024	138326	136999	112175	110648	107898	99283	99280	92326	
SRR28984221	Fujimoto2024	109432	108788	86018	85370	84053	67346	67343	67251	
SRR28984222	Fujimoto2024	90966	90397	73254	72792	71636	67405	67381	67268	
SRR28984223	Fujimoto2024	166236	165358	128719	127783	125702	115456	115456	113475	
SRR28984224	Fujimoto2024	128150	127337	92879	92588	91710	76035	76035	74422	
SRR28984225	Fujimoto2024	96645	96150	78090	77850	77117	63975	63975	63975	
SRR28984226	Fujimoto2024	99097	98651	84499	84440	84382	83345	83342	83306	
SRR28984227	Fujimoto2024	84899	84448	71399	71267	71051	69787	69787	69703	
SRR28984228	Fujimoto2024	134783	134076	106214	105989	105614	94133	94133	94105	
SRR28984229	Fujimoto2024	88758	88326	74783	74487	73967	72139	71856	70602	
SRR28984230	Fujimoto2024	95324	94786	74683	73990	71854	56135	56135	56122	
SRR28984231	Fujimoto2024	159330	158577	126527	126063	125093	121909	121909	121847	
SRR28984232	Fujimoto2024	30077	29919	27781	27764	27726	27723	27723	27723	
SRR28984233	Fujimoto2024	103010	102501	85201	84841	83833	68638	68638	68621	
SRR28984234	Fujimoto2024	170066	168748	137008	136377	135130	125602	125597	125575	
SRR28984235	Fujimoto2024	125257	124543	101330	101101	100601	95772	95171	92764	
SRR28984236	Fujimoto2024	112756	112167	89909	88992	85792	51224	51224	51211	
SRR28984237	Fujimoto2024	108539	107797	87891	87744	87478	86035	86035	86033	
SRR28984238	Fujimoto2024	120322	119407	97209	96683	95024	81997	81985	81757	
SRR28984239	Fujimoto2024	78859	78267	70546	70103	68931	62656	62656	60325	
SRR28984240	Fujimoto2024	128321	127725	104341	104227	103839	102027	102027	102027	
SRR28984241	Fujimoto2024	110166	109127	87005	86609	85488	74976	74976	74967	
SRR28984242	Fujimoto2024	126867	125922	100726	100272	99045	89271	89271	89268	
SRR28984243	Fujimoto2024	82216	80567	72285	71970	70652	53043	53043	53027	
SRR28984244	Fujimoto2024	59894	56741	50811	50584	49953	43779	43777	43514	
SRR28984245	Fujimoto2024	42360	41311	37288	35929	33026	22198	22080	21411	
SRR28984246	Fujimoto2024	39548	39251	35337	35082	34671	34061	33779	33246	
SRR28984247	Fujimoto2024	48353	48124	42858	42434	41905	39657	39650	39610	
SRR28984248	Fujimoto2024	59087	58310	52728	52337	51876	45913	45909	45821	
SRR28984249	Fujimoto2024	122159	121032	96708	96473	95887	87038	87038	87026	
SRR28984250	Fujimoto2024	95902	95070	75268	74991	74246	69079	69079	69054	
SRR28984251	Fujimoto2024	51000	50639	45596	45185	44316	41681	41679	38383	
SRR28984252	Fujimoto2024	114048	113047	93247	93125	92666	89455	89455	89420	
SRR28984253	Fujimoto2024	113874	112845	93164	92917	92371	88609	88608	88601	
SRR28984254	Fujimoto2024	134826	133544	109087	108900	108028	93237	93237	93232	
SRR28984255	Fujimoto2024	54419	53219	49231	49101	48217	32823	32823	32629	
SRR28984256	Fujimoto2024	89145	88408	73439	73310	72852	69421	69421	69413	
SRR28984257	Fujimoto2024	49689	49296	45194	44915	44162	37783	37783	37681	
SRR28984258	Fujimoto2024	25720	25550	23106	22913	22631	22093	22062	21877	
SRR28984259	Fujimoto2024	103856	102954	85538	84492	82973	75624	75579	74598	
SRR28984260	Fujimoto2024	138453	137408	111689	110866	109503	91401	91401	91195	
SRR28984261	Fujimoto2024	159342	158343	112688	112486	111706	107096	107090	107072	
SRR28984262	Fujimoto2024	110509	109735	87108	86477	85247	59309	59295	59246	
SRR28984263	Fujimoto2024	140844	139659	112120	111633	110554	93706	93704	93699	
SRR28984264	Fujimoto2024	123854	122864	99364	98215	95543	72197	72175	72105	
SRR28984265	Fujimoto2024	57883	57430	52142	51644	50811	46660	46660	45170	
SRR28984266	Fujimoto2024	99405	98642	79074	78623	77524	67355	67355	67352	
SRR28984267	Fujimoto2024	128452	127537	103063	102829	102184	98449	98449	98361	
SRR28984268	Fujimoto2024	113106	112246	91833	91361	90395	76474	76474	76449	
SRR28984269	Fujimoto2024	163105	162015	127628	127397	125896	123522	123522	123468	
SRR28984270	Fujimoto2024	134046	133088	111990	111271	109601	85736	85736	85732	
SRR28984271	Fujimoto2024	148965	147937	106094	105641	104492	97901	97901	97896	
SRR28984272	Fujimoto2024	171271	169983	138414	138012	137299	131484	131484	131466	
SRR28984273	Fujimoto2024	165932	164523	135890	135719	135360	125109	125109	125109	
SRR28984274	Fujimoto2024	113364	112630	85948	85809	85604	78446	78366	77859	
SRR28984275	Fujimoto2024	140838	139897	109606	109462	108998	105639	105537	104886	
SRR28984276	Fujimoto2024	34856	34466	30597	30089	29404	27597	27597	25187	
SRR28984277	Fujimoto2024	122045	121202	87754	87123	84519	67528	67526	67503	
SRR28984278	Fujimoto2024	139712	138770	97689	97489	97241	96560	96560	96527	
SRR28984279	Fujimoto2024	145869	144556	111819	111739	111636	111631	111631	111594	
SRR28984280	Fujimoto2024	39378	38737	35129	34563	33661	24392	24388	24058	
SRR28984281	Fujimoto2024	131945	131112	94268	93854	92626	86089	85935	84975	
SRR28984282	Fujimoto2024	124158	123329	87951	87611	86539	83315	82474	78190	
SRR28984283	Fujimoto2024	136343	135423	92082	91721	90685	88465	87390	81337	
SRR28984284	Fujimoto2024	133851	132664	92071	91396	90360	87120	86979	66788	
SRR28984285	Fujimoto2024	127530	126716	89164	88549	87836	76711	76711	76691	
SRR28984286	Fujimoto2024	118575	117804	82272	82047	81696	79961	79961	79941	
SRR28984287	Fujimoto2024	130559	129088	105197	103629	100231	87949	87382	84126	
SRR28984288	Fujimoto2024	134634	133383	103080	102933	102822	102292	102292	102275	
SRR28984289	Fujimoto2024	152981	152057	121921	121814	121729	121192	121183	121176	
SRR28984290	Fujimoto2024	132026	131218	105062	104980	104583	103265	103262	103145	
SRR28984291	Fujimoto2024	124427	123664	98587	98472	98243	97539	97539	97528	
SRR28984292	Fujimoto2024	104166	103494	73828	72224	69787	64009	62402	60005	
SRR28984293	Fujimoto2024	115658	114968	81680	80929	79644	75350	75298	68295	
SRR28984294	Fujimoto2024	143795	142819	102585	101656	99981	82251	82231	81589	
SRR28984295	Fujimoto2024	139982	139126	103738	103517	103050	100488	100488	100404	
SRR28984296	Fujimoto2024	109356	108460	74856	73668	72069	68805	64491	46175	
SRR28984297	Fujimoto2024	118826	118148	87409	87220	86718	85140	85138	85131	
SRR28984298	Fujimoto2024	129016	128313	93282	93186	93132	89852	89850	89829	
SRR28984299	Fujimoto2024	24583	24443	22054	21836	21284	20635	20635	17140	
SRR28984300	Fujimoto2024	117610	116897	85097	84807	83724	80064	80048	77056	
SRR28984301	Fujimoto2024	104569	104012	74173	73779	72381	65466	65374	64685	
SRR28984302	Fujimoto2024	147790	146926	113831	113508	112414	102226	102213	102113	
SRR28984303	Fujimoto2024	166812	165786	131964	131876	131588	130548	130548	130522	
SRR28984304	Fujimoto2024	108729	108121	75523	74899	73280	63034	63032	58470	
SRR28984305	Fujimoto2024	135000	134249	106780	106690	106073	102266	102262	102159	
SRR28984306	Fujimoto2024	123943	123323	89109	88632	87268	78919	78762	77976	
SRR28984307	Fujimoto2024	138064	137265	107358	105591	102751	92795	92729	92457	
SRR28984308	Fujimoto2024	106740	106190	89320	89232	89081	88183	88183	88183	
SRR28984309	Fujimoto2024	44129	43820	39762	39612	39290	38367	38367	27314	
SRR28984310	Fujimoto2024	167597	166664	117552	117333	116289	99438	99438	99376	
SRR28984311	Fujimoto2024	146999	146130	116095	116003	113779	111234	111214	111104	
SRR28984312	Fujimoto2024	131394	130625	92930	92696	91883	81347	81344	81225	
SRR28984313	Fujimoto2024	142773	142059	98721	98119	96074	80074	80074	79957	
SRR28984314	Fujimoto2024	154467	153758	120470	120345	119931	118337	118290	117996	
SRR28984315	Fujimoto2024	182073	180683	143482	143357	142484	138112	135653	116470	
SRR28984316	Fujimoto2024	205800	204699	159132	159062	147885	147784	147784	147784	
SRR28984317	Fujimoto2024	126021	125362	90470	90226	89822	83537	83428	82581	
SRR28984318	Fujimoto2024	120354	119781	95247	95105	94588	89921	89921	89821	
SRR28984319	Fujimoto2024	150385	149644	114697	114494	113894	94410	94399	94282	
SRR28984320	Fujimoto2024	175039	174072	124401	123747	122709	114421	110015	94580	
SRR28984321	Fujimoto2024	41969	41715	38731	38703	38680	38342	38342	38342	
SRR28984322	Fujimoto2024	117157	116515	88294	87960	87149	81967	81762	80013	
SRR28984323	Fujimoto2024	122113	121404	93233	93117	92653	89099	88835	86934	
SRR28984324	Fujimoto2024	115951	115256	88219	88133	87716	86473	86036	82342	
SRR28984325	Fujimoto2024	126771	126162	99556	97872	93796	68093	68041	67141	
SRR28984326	Fujimoto2024	113145	112549	87351	86888	85982	81931	81925	81530	
SRR28984327	Fujimoto2024	131915	130609	101123	100967	100722	93375	88768	48505	
SRR28984328	Fujimoto2024	189352	188362	137325	137127	136817	133273	133267	133152	
SRR28984329	Fujimoto2024	177315	176307	138670	138118	136641	131137	131114	130632	
SRR28984330	Fujimoto2024	109293	108674	78498	78258	77199	69744	69589	68655	
SRR28984331	Fujimoto2024	132229	131521	97994	97914	97710	91369	91361	90963	
SRR28984332	Fujimoto2024	133545	132742	94993	94293	93122	89483	88732	87876	
SRR28984333	Fujimoto2024	120954	120194	82703	82244	81444	74412	74387	66582	
SRR28984334	Fujimoto2024	95387	94908	76469	76365	75671	73024	73024	72745	
SRR28984335	Fujimoto2024	153672	152852	121280	121184	120687	119488	119488	119425	
SRR28984336	Fujimoto2024	128675	127873	97139	96909	96293	89193	89179	88964	
SRR28984337	Fujimoto2024	122925	122234	95875	95666	94652	82624	82608	82389	
SRR28984338	Fujimoto2024	108142	107656	87061	86992	86826	86826	86826	86815	
SRR28984339	Fujimoto2024	123653	123071	99230	97235	96802	95279	95279	95274	
SRR28984340	Fujimoto2024	108745	108244	84885	84680	83473	72454	72452	72259	
SRR28984341	Fujimoto2024	165736	164788	132192	132092	131873	131868	131863	131858	
SRR28984342	Fujimoto2024	135520	134776	97579	97180	96454	93171	93171	92830	
SRR28984343	Fujimoto2024	123155	122485	89526	89392	88704	87333	86458	80542	
SRR28984344	Fujimoto2024	129886	129275	105066	105020	104771	104614	104609	104574	
SRR28984345	Fujimoto2024	126545	125820	88418	87551	86583	85094	85009	82692	
SRR28984346	Fujimoto2024	164831	163819	116249	115074	112646	103736	103724	103390	
SRR28984347	Fujimoto2024	141415	140594	102043	101696	100160	82322	82317	82212	
SRR28984348	Fujimoto2024	139691	138816	101201	100832	99627	84029	84024	83809	
SRR28984349	Fujimoto2024	135915	135066	105747	105576	104722	92043	92041	91959	
SRR28984350	Fujimoto2024	162793	161745	129082	128982	128778	128228	128223	128207	
SRR28984351	Fujimoto2024	132932	132009	92492	90856	88024	81877	81758	80312	
SRR28984352	Fujimoto2024	128559	127698	89906	88270	85341	78543	78349	76621	
SRR28984353	Fujimoto2024	150160	149263	109124	108792	107183	89949	89934	89793	
SRR28984354	Fujimoto2024	60245	59826	55548	55451	55253	53381	53381	52891	
SRR28984355	Fujimoto2024	183439	182047	144777	144650	144523	144349	144342	144219	
SRR28984356	Fujimoto2024	148502	147297	114630	114500	114305	114210	114201	114092	
SRR28984357	Fujimoto2024	84201	83417	63958	63176	62072	54846	54778	52209	
SRR28984358	Fujimoto2024	128200	127493	102336	101455	99818	92000	91973	88464	
SRR28984359	Fujimoto2024	98962	96013	75808	75478	74780	71794	71794	71587	
SRR28984360	Fujimoto2024	83373	82645	63540	63404	63230	57070	53393	27254	
SRR28984361	Fujimoto2024	137846	137190	112693	112574	112474	109378	109372	109372	
SRR28984362	Fujimoto2024	139454	138862	118127	118057	118005	117440	117438	117434	
SRR28984363	Fujimoto2024	90047	89589	76733	76698	76670	76668	76668	76666	
SRR28984364	Fujimoto2024	142452	141721	117964	117907	117855	117759	117757	117738	
SRR28984365	Fujimoto2024	131184	130461	110618	110296	108935	100783	100539	98495	
SRR28984366	Fujimoto2024	42032	41763	38277	38045	37573	31664	31664	31617	
SRR28984367	Fujimoto2024	170035	168042	131150	127509	122422	106538	99633	56389	
SRR28984368	Fujimoto2024	115017	114477	90832	90520	90024	79213	79213	76938	
SRR28984369	Fujimoto2024	117465	116909	92352	92077	87151	83794	83741	83316	
SRR28984370	Fujimoto2024	94466	93966	78224	78055	77620	74865	74865	74861	
SRR28984371	Fujimoto2024	136564	135944	112495	112315	111360	99456	99452	99415	
SRR28984372	Fujimoto2024	125085	124036	97119	96316	94346	71035	70898	70454	
SRR28984373	Fujimoto2024	113426	112898	96141	96031	95796	92228	92228	92210	
SRR28984374	Fujimoto2024	118464	117830	101140	101058	100690	100305	100305	100245	
SRR28984375	Fujimoto2024	134658	133626	106329	106230	106036	96032	96032	96008	
SRR28984376	Fujimoto2024	31055	30851	27253	27031	26811	26257	26246	26246	
SRR28984377	Fujimoto2024	76060	73791	64929	64448	63301	56484	56434	55945	
SRR28984378	Fujimoto2024	91751	91066	73343	73174	72899	66086	66086	66086	
SRR28984379	Fujimoto2024	38199	36969	33095	33018	32856	28611	28582	28059	
SRR28984380	Fujimoto2024	43382	43123	39246	39069	38855	35713	35713	34840	
SRR28984381	Fujimoto2024	103128	102538	80542	79190	76615	55002	54998	54808	
SRR28984382	Fujimoto2024	29700	29546	26499	26344	26186	26110	24672	21983	
SRR28984383	Fujimoto2024	25383	24047	20248	19195	17902	13259	12985	12869	
SRR28984384	Fujimoto2024	29157	29000	26324	26202	26085	26009	24934	24485	
SRR28984385	Fujimoto2024	37336	37106	32986	32908	32801	32762	31463	30123	
SRR28984386	Fujimoto2024	32744	32585	29332	29205	29101	29060	27675	25953	
SRR28984387	Fujimoto2024	31831	31655	28462	28309	28205	28118	27513	26423	
SRR28984388	Fujimoto2024	45832	45527	40610	40095	39249	33135	33133	33107	
SRR28984399	Fujimoto2024	112617	111728	89414	89024	88735	88318	45979	44936	
SRR28984411	Fujimoto2024	50876	50462	45145	44524	43502	39497	39497	39455	
SRR28984424	Fujimoto2024	32486	32234	28699	28429	28137	27703	27698	27663	
SRR28984436	Fujimoto2024	35739	35559	32446	32400	32371	32137	32137	32137	
SRR28984440	Fujimoto2024	119681	118987	96602	95720	94459	73721	73242	72186	
SRR28984452	Fujimoto2024	67553	67056	59931	59446	57850	41865	41852	41645	
SRR28984466	Fujimoto2024	42570	41912	37885	37101	34842	21689	21679	21642	
SRR28984476	Fujimoto2024	98020	96855	87122	86257	83436	60967	60751	60061	
SRR28984487	Fujimoto2024	47588	47177	43339	43147	42646	38990	38990	38347	
SRR28984492	Fujimoto2024	51452	50914	46175	45944	45415	43652	43450	42627	
SRR28984502	Fujimoto2024	77992	76176	68656	68049	66178	42392	42390	42336	
SRR28984503	Fujimoto2024	125823	124772	100098	98571	95862	72876	72460	72143	
SRR28984520	Fujimoto2024	59979	59708	54871	54765	54652	54090	54090	54090	
SRR28984527	Fujimoto2024	62374	61713	56428	55578	54125	38954	38945	38842	
SRR28984534	Fujimoto2024	78563	78125	71892	71767	71498	66459	66459	66459	
SRR28984541	Fujimoto2024	32842	32675	29918	29785	29589	27268	27268	27268	
SRR28984556	Fujimoto2024	56258	55886	51984	51849	51562	49656	49654	49585	
SRR28984570	Fujimoto2024	162683	161526	129786	129730	129691	129608	129608	129589	
SRR28984581	Fujimoto2024	80184	78523	69671	69064	67386	40955	40955	40934	
SRR28984591	Fujimoto2024	44848	42942	38921	38721	37999	26895	26895	26882	
SRR28984605	Fujimoto2024	100186	98571	89826	89021	87155	66753	66743	66645	
SRR28984615	Fujimoto2024	107420	106637	88322	88248	88142	87920	87857	83869	
SRR28984616	Fujimoto2024	140165	138709	113502	111619	108552	94886	94882	93325	
SRR28984617	Fujimoto2024	102830	102387	78710	78338	77814	75338	73735	70024	
SRR28984627	Fujimoto2024	45566	45114	41445	41181	40728	33884	33774	33563	
SRR28984639	Fujimoto2024	63451	62585	57470	56800	55751	48864	48850	48678	
SRR28984650	Fujimoto2024	68114	67404	61020	59827	57208	49613	49613	44117	
SRR28984661	Fujimoto2024	19598	19502	17782	17753	17719	17475	17475	17475	
SRR28984664	Fujimoto2024	36674	36467	33692	33669	33634	33632	33632	33625	
SRR28984673	Fujimoto2024	41417	41073	38201	38124	37896	32724	32724	32702	
SRR28984684	Fujimoto2024	103790	102838	92994	92334	90367	74343	74021	72759	
SRR28984698	Fujimoto2024	64161	63506	57826	57450	56452	46918	46839	45678	
SRR28984707	Fujimoto2024	37235	37068	34588	34573	34547	34537	34537	34537	
SRR28984714	Fujimoto2024	119350	118481	97836	94576	89130	67145	66405	65066	
SRR28984716	Fujimoto2024	32599	32413	28889	28850	28789	28787	28068	27194	
SRR28984726	Fujimoto2024	147348	146445	101866	100804	98295	81447	81359	49635	
