run_accession	sample_accession	sample_alias	instrument_model	library_layout	read_count	base_count	fastq_ftp	fastq_md5	fastq_bytes
ERR16879144	SAMEA121983793	AAX11	Ion Torrent S5	SINGLE	85913	37481415	ftp.sra.ebi.ac.uk/vol1/fastq/ERR168/044/ERR16879144/ERR16879144.fastq.gz	edb30022ffef7cdde9ff383aef6bf027	24722160
ERR16879145	SAMEA121983794	R000000616	Ion Torrent S5	SINGLE	104017	42658814	ftp.sra.ebi.ac.uk/vol1/fastq/ERR168/045/ERR16879145/ERR16879145.fastq.gz	03cb1d967bf5f43f27be9228585eec1e	26178914
ERR16879146	SAMEA121983795	ADM5	Ion Torrent S5	SINGLE	97338	41244588	ftp.sra.ebi.ac.uk/vol1/fastq/ERR168/046/ERR16879146/ERR16879146.fastq.gz	c1c2c9c952261e8fabd06e5a5a5e0d78	25545164
ERR16879148	SAMEA121983797	R000005979	Ion Torrent S5	SINGLE	33078	13885620	ftp.sra.ebi.ac.uk/vol1/fastq/ERR168/048/ERR16879148/ERR16879148.fastq.gz	4a4b2d3d099a6feeaebc6f5f0eeada8d	9342726
ERR16879159	SAMEA121983808	R000000151	Ion Torrent S5	SINGLE	79473	35895661	ftp.sra.ebi.ac.uk/vol1/fastq/ERR168/059/ERR16879159/ERR16879159.fastq.gz	0d898af6c7f32f6870351841fc287113	23800612
ERR16879161	SAMEA121983810	AEG10	Ion Torrent S5	SINGLE	90893	38425012	ftp.sra.ebi.ac.uk/vol1/fastq/ERR168/061/ERR16879161/ERR16879161.fastq.gz	84891939fc958f4f608e6aac75254406	24079783
ERR16879166	SAMEA121983815	ACB21	Ion Torrent S5	SINGLE	39981	16323256	ftp.sra.ebi.ac.uk/vol1/fastq/ERR168/066/ERR16879166/ERR16879166.fastq.gz	13fb1b10fa9a40029bd195328a9fdbc8	10535164
ERR16879167	SAMEA121983816	R000000491	Ion Torrent S5	SINGLE	78671	33142562	ftp.sra.ebi.ac.uk/vol1/fastq/ERR168/067/ERR16879167/ERR16879167.fastq.gz	e40e94766cb6b23a726d01ffa1a54794	21776119
ERR16879172	SAMEA121983821	R000002648	Ion Torrent S5	SINGLE	75251	28514472	ftp.sra.ebi.ac.uk/vol1/fastq/ERR168/072/ERR16879172/ERR16879172.fastq.gz	3373eb49c5ad97b5e1289ff2ba6f2c62	18819953
ERR16879178	SAMEA121983827	R000006019	Ion Torrent S5	SINGLE	51066	21252410	ftp.sra.ebi.ac.uk/vol1/fastq/ERR168/078/ERR16879178/ERR16879178.fastq.gz	0d850ae1ea89d3c249e54ba1fcda0b05	14237785
ERR16879182	SAMEA121983831	R000008361	Ion Torrent S5	SINGLE	51467	21506349	ftp.sra.ebi.ac.uk/vol1/fastq/ERR168/082/ERR16879182/ERR16879182.fastq.gz	b025b3806b3a3604bb32c78893362096	14229825
ERR16879187	SAMEA121983836	R000008488	Ion Torrent S5	SINGLE	21960	9032747	ftp.sra.ebi.ac.uk/vol1/fastq/ERR168/087/ERR16879187/ERR16879187.fastq.gz	00887fd83e23955af01a57da593d8667	5948404
ERR16879192	SAMEA121983841	R000007489	Ion Torrent S5	SINGLE	53898	23871183	ftp.sra.ebi.ac.uk/vol1/fastq/ERR168/092/ERR16879192/ERR16879192.fastq.gz	e9868a8a6292776a85b5bdba4c5c0962	14930705
ERR16879195	SAMEA121983844	BDT5	Ion Torrent S5	SINGLE	47420	19504613	ftp.sra.ebi.ac.uk/vol1/fastq/ERR168/095/ERR16879195/ERR16879195.fastq.gz	8cb26217f681f96b45a41ec36a8d4310	11844538
ERR16879199	SAMEA121983848	R000007327	Ion Torrent S5	SINGLE	44799	18708013	ftp.sra.ebi.ac.uk/vol1/fastq/ERR168/099/ERR16879199/ERR16879199.fastq.gz	da3948df1c1def03fca15dbdd8a75905	11884344
ERR16879150	SAMEA121983799	R000006212	Ion Torrent S5	SINGLE	128458	53289833	ftp.sra.ebi.ac.uk/vol1/fastq/ERR168/050/ERR16879150/ERR16879150.fastq.gz	6dce863d15b1c305456ee106154d275b	36231091
ERR16879152	SAMEA121983801	R000006257	Ion Torrent S5	SINGLE	27874	11123791	ftp.sra.ebi.ac.uk/vol1/fastq/ERR168/052/ERR16879152/ERR16879152.fastq.gz	30d4751da6ecd92df88048dc43d6fd3d	8003403
ERR16879153	SAMEA121983802	R000005641	Ion Torrent S5	SINGLE	42599	18190453	ftp.sra.ebi.ac.uk/vol1/fastq/ERR168/053/ERR16879153/ERR16879153.fastq.gz	543c139359e4d504b2039f945c703f8a	11522690
ERR16879155	SAMEA121983804	AAY16	Ion Torrent S5	SINGLE	26268	11204635	ftp.sra.ebi.ac.uk/vol1/fastq/ERR168/055/ERR16879155/ERR16879155.fastq.gz	9a09064aab0c66f8a280135b435f908e	7378487
ERR16879158	SAMEA121983807	R000000279	Ion Torrent S5	SINGLE	79999	31849108	ftp.sra.ebi.ac.uk/vol1/fastq/ERR168/058/ERR16879158/ERR16879158.fastq.gz	6437de121c554a1ab42ded44dee8de0c	19967364
ERR16879160	SAMEA121983809	R000000841	Ion Torrent S5	SINGLE	74958	31529553	ftp.sra.ebi.ac.uk/vol1/fastq/ERR168/060/ERR16879160/ERR16879160.fastq.gz	104163289261ec86fd0318c8df4f4982	19939941
ERR16879162	SAMEA121983811	R000005619	Ion Torrent S5	SINGLE	37154	15260354	ftp.sra.ebi.ac.uk/vol1/fastq/ERR168/062/ERR16879162/ERR16879162.fastq.gz	10523e3cf71519b8da83b6bab248f53c	10502031
ERR16879164	SAMEA121983813	ABV8	Ion Torrent S5	SINGLE	62145	27053586	ftp.sra.ebi.ac.uk/vol1/fastq/ERR168/064/ERR16879164/ERR16879164.fastq.gz	c2f8b372c915d61cb8557dbaf34d6c42	17832779
ERR16879165	SAMEA121983814	ACH6	Ion Torrent S5	SINGLE	69132	28182946	ftp.sra.ebi.ac.uk/vol1/fastq/ERR168/065/ERR16879165/ERR16879165.fastq.gz	b7fec674045f2076d17ea2270ebabae9	17648027
ERR16879171	SAMEA121983820	R000007092	Ion Torrent S5	SINGLE	80865	34816283	ftp.sra.ebi.ac.uk/vol1/fastq/ERR168/071/ERR16879171/ERR16879171.fastq.gz	13381e7d311fce0da0c438cd8f71756a	23021663
ERR16879173	SAMEA121983822	R000006272	Ion Torrent S5	SINGLE	39571	16082577	ftp.sra.ebi.ac.uk/vol1/fastq/ERR168/073/ERR16879173/ERR16879173.fastq.gz	667f031fa43ea18a0b6c90980a560ca7	10408956
ERR16879174	SAMEA121983823	R000006682	Ion Torrent S5	SINGLE	37833	16941602	ftp.sra.ebi.ac.uk/vol1/fastq/ERR168/074/ERR16879174/ERR16879174.fastq.gz	ee6cc937697713aa76977e50846a4d41	10590801
ERR16879175	SAMEA121983824	R000003837	Ion Torrent S5	SINGLE	66922	26808613	ftp.sra.ebi.ac.uk/vol1/fastq/ERR168/075/ERR16879175/ERR16879175.fastq.gz	13e08de0f71909bab2f3ec21c1e66b5a	16924583
ERR16879179	SAMEA121983828	R000005775	Ion Torrent S5	SINGLE	64402	27163057	ftp.sra.ebi.ac.uk/vol1/fastq/ERR168/079/ERR16879179/ERR16879179.fastq.gz	22ae3c982a0bd2e6d2f93771de563253	17044856
ERR16879181	SAMEA121983830	R000008411	Ion Torrent S5	SINGLE	41819	17017879	ftp.sra.ebi.ac.uk/vol1/fastq/ERR168/081/ERR16879181/ERR16879181.fastq.gz	9cf384d3f2d6726b9e6a391d0bf2af51	10516632
ERR16879183	SAMEA121983832	R000008255	Ion Torrent S5	SINGLE	60638	24938243	ftp.sra.ebi.ac.uk/vol1/fastq/ERR168/083/ERR16879183/ERR16879183.fastq.gz	cd7af9d1d8752a1c35de2bb8da9f0a6b	16780637
ERR16879184	SAMEA121983833	R000008215	Ion Torrent S5	SINGLE	58569	25102149	ftp.sra.ebi.ac.uk/vol1/fastq/ERR168/084/ERR16879184/ERR16879184.fastq.gz	645d8e2564c7897f7663e01cbd006522	15305056
ERR16879185	SAMEA121983834	R000008823	Ion Torrent S5	SINGLE	71366	30454913	ftp.sra.ebi.ac.uk/vol1/fastq/ERR168/085/ERR16879185/ERR16879185.fastq.gz	7997eaa44594b09a08262ca9e2c9989f	19744637
ERR16879194	SAMEA121983843	R000009222	Ion Torrent S5	SINGLE	58040	22850867	ftp.sra.ebi.ac.uk/vol1/fastq/ERR168/094/ERR16879194/ERR16879194.fastq.gz	5d2cbb99504b7668c911725cb4aa5bd8	14656388
ERR16879147	SAMEA121983796	R000002640	Ion Torrent S5	SINGLE	90518	36792550	ftp.sra.ebi.ac.uk/vol1/fastq/ERR168/047/ERR16879147/ERR16879147.fastq.gz	41488e05fe8342e7d004d02f4fc99f3c	22694475
ERR16879149	SAMEA121983798	R000008253	Ion Torrent S5	SINGLE	77757	33370162	ftp.sra.ebi.ac.uk/vol1/fastq/ERR168/049/ERR16879149/ERR16879149.fastq.gz	221fb97a01566b09b8627f0542c9b4c0	22943119
ERR16879151	SAMEA121983800	YW12	Ion Torrent S5	SINGLE	68734	29739274	ftp.sra.ebi.ac.uk/vol1/fastq/ERR168/051/ERR16879151/ERR16879151.fastq.gz	d44db5739cfbf426fbfacad214f05959	19143063
ERR16879156	SAMEA121983805	ADT10	Ion Torrent S5	SINGLE	74578	31500689	ftp.sra.ebi.ac.uk/vol1/fastq/ERR168/056/ERR16879156/ERR16879156.fastq.gz	2a2b84e19ed2c553b9c9700ce100ca79	20524179
ERR16879157	SAMEA121983806	R000000249	Ion Torrent S5	SINGLE	43727	16267948	ftp.sra.ebi.ac.uk/vol1/fastq/ERR168/057/ERR16879157/ERR16879157.fastq.gz	c9dbcbc6ce7f58cd20994b20f17c043e	10518623
ERR16879168	SAMEA121983817	R000000320	Ion Torrent S5	SINGLE	66440	27373762	ftp.sra.ebi.ac.uk/vol1/fastq/ERR168/068/ERR16879168/ERR16879168.fastq.gz	d25f8f8ef4a8973556c39a1fdc91f4fb	18009774
ERR16879169	SAMEA121983818	ACW10	Ion Torrent S5	SINGLE	94979	40736533	ftp.sra.ebi.ac.uk/vol1/fastq/ERR168/069/ERR16879169/ERR16879169.fastq.gz	820203518e77e251ba7638967aa8c224	27009197
ERR16879176	SAMEA121983825	R000004288	Ion Torrent S5	SINGLE	104524	48406480	ftp.sra.ebi.ac.uk/vol1/fastq/ERR168/076/ERR16879176/ERR16879176.fastq.gz	2937f9e9f5395a7d8d280d3233e8d294	31187241
ERR16879177	SAMEA121983826	R000003547	Ion Torrent S5	SINGLE	46646	17883769	ftp.sra.ebi.ac.uk/vol1/fastq/ERR168/077/ERR16879177/ERR16879177.fastq.gz	83ebb078eb44c293721bd6eef90858e3	11277964
ERR16879180	SAMEA121983829	R000008393	Ion Torrent S5	SINGLE	26255	10786255	ftp.sra.ebi.ac.uk/vol1/fastq/ERR168/080/ERR16879180/ERR16879180.fastq.gz	0e477774076d3b10edd412e4a27742bc	6640986
ERR16879188	SAMEA121983837	R000009028	Ion Torrent S5	SINGLE	171970	67760471	ftp.sra.ebi.ac.uk/vol1/fastq/ERR168/088/ERR16879188/ERR16879188.fastq.gz	00d4e7497255672100c9e72d0daa93a7	41846414
ERR16879189	SAMEA121983838	R000007369	Ion Torrent S5	SINGLE	18946	7728519	ftp.sra.ebi.ac.uk/vol1/fastq/ERR168/089/ERR16879189/ERR16879189.fastq.gz	d9338c44e03224d4e230cd60abbac4bb	4738747
ERR16879190	SAMEA121983839	R000009232	Ion Torrent S5	SINGLE	36865	14297556	ftp.sra.ebi.ac.uk/vol1/fastq/ERR168/090/ERR16879190/ERR16879190.fastq.gz	e15ae16c25a8a436db3160a2eafef29f	9005529
ERR16879191	SAMEA121983840	BDG5	Ion Torrent S5	SINGLE	46238	19471887	ftp.sra.ebi.ac.uk/vol1/fastq/ERR168/091/ERR16879191/ERR16879191.fastq.gz	a536245393f16dc8b4f1005d9dff90f0	11919629
ERR16879193	SAMEA121983842	BCT5	Ion Torrent S5	SINGLE	27022	11055942	ftp.sra.ebi.ac.uk/vol1/fastq/ERR168/093/ERR16879193/ERR16879193.fastq.gz	46deb23b5354c5929b86b958631c2661	7020686
ERR16879196	SAMEA121983845	BDW4_5	Ion Torrent S5	SINGLE	43664	17962123	ftp.sra.ebi.ac.uk/vol1/fastq/ERR168/096/ERR16879196/ERR16879196.fastq.gz	d008cddad81331be4275024a3c177a6b	11711070
ERR16879197	SAMEA121983846	R000007304	Ion Torrent S5	SINGLE	43098	17673224	ftp.sra.ebi.ac.uk/vol1/fastq/ERR168/097/ERR16879197/ERR16879197.fastq.gz	3ca7a711f6ba5ea5561aa2c5967612da	11200925
ERR16879198	SAMEA121983847	R000007319	Ion Torrent S5	SINGLE	42107	16560670	ftp.sra.ebi.ac.uk/vol1/fastq/ERR168/098/ERR16879198/ERR16879198.fastq.gz	221662fdc06949d358a915d180350acc	12193685
ERR16879200	SAMEA121983849	R000005406	Ion Torrent S5	SINGLE	40224	16561818	ftp.sra.ebi.ac.uk/vol1/fastq/ERR168/000/ERR16879200/ERR16879200.fastq.gz	0eb45b11b2be0471799ee686632cc5d4	10166639
