run_accession	study_accession	sample_accession	fastq_ftp
ERR1688153	PRJEB16057	SAMEA4506928	ftp.sra.ebi.ac.uk/vol1/fastq/ERR168/003/ERR1688153/ERR1688153.fastq.gz
ERR1688157	PRJEB16057	SAMEA4506932	ftp.sra.ebi.ac.uk/vol1/fastq/ERR168/007/ERR1688157/ERR1688157.fastq.gz
ERR1688158	PRJEB16057	SAMEA4506933	ftp.sra.ebi.ac.uk/vol1/fastq/ERR168/008/ERR1688158/ERR1688158.fastq.gz
ERR1688159	PRJEB16057	SAMEA4506934	ftp.sra.ebi.ac.uk/vol1/fastq/ERR168/009/ERR1688159/ERR1688159.fastq.gz
ERR1688160	PRJEB16057	SAMEA4506935	ftp.sra.ebi.ac.uk/vol1/fastq/ERR168/000/ERR1688160/ERR1688160.fastq.gz
ERR1688161	PRJEB16057	SAMEA4506936	ftp.sra.ebi.ac.uk/vol1/fastq/ERR168/001/ERR1688161/ERR1688161.fastq.gz
ERR1688166	PRJEB16057	SAMEA4506941	ftp.sra.ebi.ac.uk/vol1/fastq/ERR168/006/ERR1688166/ERR1688166.fastq.gz
ERR1688169	PRJEB16057	SAMEA4506944	ftp.sra.ebi.ac.uk/vol1/fastq/ERR168/009/ERR1688169/ERR1688169.fastq.gz
ERR1688171	PRJEB16057	SAMEA4506946	ftp.sra.ebi.ac.uk/vol1/fastq/ERR168/001/ERR1688171/ERR1688171.fastq.gz
ERR1688173	PRJEB16057	SAMEA4506948	ftp.sra.ebi.ac.uk/vol1/fastq/ERR168/003/ERR1688173/ERR1688173.fastq.gz
ERR1688174	PRJEB16057	SAMEA4506949	ftp.sra.ebi.ac.uk/vol1/fastq/ERR168/004/ERR1688174/ERR1688174.fastq.gz
ERR1688176	PRJEB16057	SAMEA4506951	ftp.sra.ebi.ac.uk/vol1/fastq/ERR168/006/ERR1688176/ERR1688176.fastq.gz
ERR1688179	PRJEB16057	SAMEA4506954	ftp.sra.ebi.ac.uk/vol1/fastq/ERR168/009/ERR1688179/ERR1688179.fastq.gz
ERR1688182	PRJEB16057	SAMEA4506957	ftp.sra.ebi.ac.uk/vol1/fastq/ERR168/002/ERR1688182/ERR1688182.fastq.gz
ERR1688184	PRJEB16057	SAMEA4506959	ftp.sra.ebi.ac.uk/vol1/fastq/ERR168/004/ERR1688184/ERR1688184.fastq.gz
ERR1688185	PRJEB16057	SAMEA4506960	ftp.sra.ebi.ac.uk/vol1/fastq/ERR168/005/ERR1688185/ERR1688185.fastq.gz
ERR1688188	PRJEB16057	SAMEA4506963	ftp.sra.ebi.ac.uk/vol1/fastq/ERR168/008/ERR1688188/ERR1688188.fastq.gz
ERR1688189	PRJEB16057	SAMEA4506964	ftp.sra.ebi.ac.uk/vol1/fastq/ERR168/009/ERR1688189/ERR1688189.fastq.gz
ERR1688195	PRJEB16057	SAMEA4506970	ftp.sra.ebi.ac.uk/vol1/fastq/ERR168/005/ERR1688195/ERR1688195.fastq.gz
ERR1688197	PRJEB16057	SAMEA4506972	ftp.sra.ebi.ac.uk/vol1/fastq/ERR168/007/ERR1688197/ERR1688197.fastq.gz
ERR1688201	PRJEB16057	SAMEA4506976	ftp.sra.ebi.ac.uk/vol1/fastq/ERR168/001/ERR1688201/ERR1688201.fastq.gz
ERR1688202	PRJEB16057	SAMEA4506977	ftp.sra.ebi.ac.uk/vol1/fastq/ERR168/002/ERR1688202/ERR1688202.fastq.gz
ERR1688204	PRJEB16057	SAMEA4506979	ftp.sra.ebi.ac.uk/vol1/fastq/ERR168/004/ERR1688204/ERR1688204.fastq.gz
ERR1688206	PRJEB16057	SAMEA4506981	ftp.sra.ebi.ac.uk/vol1/fastq/ERR168/006/ERR1688206/ERR1688206.fastq.gz
ERR1688210	PRJEB16057	SAMEA4506985	ftp.sra.ebi.ac.uk/vol1/fastq/ERR168/000/ERR1688210/ERR1688210.fastq.gz
ERR1688213	PRJEB16057	SAMEA4506988	ftp.sra.ebi.ac.uk/vol1/fastq/ERR168/003/ERR1688213/ERR1688213.fastq.gz
ERR1688214	PRJEB16057	SAMEA4506989	ftp.sra.ebi.ac.uk/vol1/fastq/ERR168/004/ERR1688214/ERR1688214.fastq.gz
ERR1688216	PRJEB16057	SAMEA4506991	ftp.sra.ebi.ac.uk/vol1/fastq/ERR168/006/ERR1688216/ERR1688216.fastq.gz
ERR1688217	PRJEB16057	SAMEA4506992	ftp.sra.ebi.ac.uk/vol1/fastq/ERR168/007/ERR1688217/ERR1688217.fastq.gz
ERR1688223	PRJEB16057	SAMEA4506998	ftp.sra.ebi.ac.uk/vol1/fastq/ERR168/003/ERR1688223/ERR1688223.fastq.gz
ERR1688227	PRJEB16057	SAMEA4507002	ftp.sra.ebi.ac.uk/vol1/fastq/ERR168/007/ERR1688227/ERR1688227.fastq.gz
ERR1688231	PRJEB16057	SAMEA4506927	ftp.sra.ebi.ac.uk/vol1/fastq/ERR168/001/ERR1688231/ERR1688231.fastq.gz
ERR1688234	PRJEB16057	SAMEA4506930	ftp.sra.ebi.ac.uk/vol1/fastq/ERR168/004/ERR1688234/ERR1688234.fastq.gz
ERR1688236	PRJEB16057	SAMEA4506932	ftp.sra.ebi.ac.uk/vol1/fastq/ERR168/006/ERR1688236/ERR1688236.fastq.gz
ERR1688240	PRJEB16057	SAMEA4506936	ftp.sra.ebi.ac.uk/vol1/fastq/ERR168/000/ERR1688240/ERR1688240.fastq.gz
ERR1688241	PRJEB16057	SAMEA4506937	ftp.sra.ebi.ac.uk/vol1/fastq/ERR168/001/ERR1688241/ERR1688241.fastq.gz
ERR1688242	PRJEB16057	SAMEA4506938	ftp.sra.ebi.ac.uk/vol1/fastq/ERR168/002/ERR1688242/ERR1688242.fastq.gz
ERR1688245	PRJEB16057	SAMEA4506941	ftp.sra.ebi.ac.uk/vol1/fastq/ERR168/005/ERR1688245/ERR1688245.fastq.gz
ERR1688246	PRJEB16057	SAMEA4506942	ftp.sra.ebi.ac.uk/vol1/fastq/ERR168/006/ERR1688246/ERR1688246.fastq.gz
ERR1688247	PRJEB16057	SAMEA4506943	ftp.sra.ebi.ac.uk/vol1/fastq/ERR168/007/ERR1688247/ERR1688247.fastq.gz
ERR1688248	PRJEB16057	SAMEA4506944	ftp.sra.ebi.ac.uk/vol1/fastq/ERR168/008/ERR1688248/ERR1688248.fastq.gz
ERR1688249	PRJEB16057	SAMEA4506945	ftp.sra.ebi.ac.uk/vol1/fastq/ERR168/009/ERR1688249/ERR1688249.fastq.gz
ERR1688250	PRJEB16057	SAMEA4506946	ftp.sra.ebi.ac.uk/vol1/fastq/ERR168/000/ERR1688250/ERR1688250.fastq.gz
ERR1688260	PRJEB16057	SAMEA4506956	ftp.sra.ebi.ac.uk/vol1/fastq/ERR168/000/ERR1688260/ERR1688260.fastq.gz
ERR1688266	PRJEB16057	SAMEA4506962	ftp.sra.ebi.ac.uk/vol1/fastq/ERR168/006/ERR1688266/ERR1688266.fastq.gz
ERR1688267	PRJEB16057	SAMEA4506963	ftp.sra.ebi.ac.uk/vol1/fastq/ERR168/007/ERR1688267/ERR1688267.fastq.gz
ERR1688276	PRJEB16057	SAMEA4506972	ftp.sra.ebi.ac.uk/vol1/fastq/ERR168/006/ERR1688276/ERR1688276.fastq.gz
ERR1688278	PRJEB16057	SAMEA4506974	ftp.sra.ebi.ac.uk/vol1/fastq/ERR168/008/ERR1688278/ERR1688278.fastq.gz
ERR1688282	PRJEB16057	SAMEA4506978	ftp.sra.ebi.ac.uk/vol1/fastq/ERR168/002/ERR1688282/ERR1688282.fastq.gz
ERR1688292	PRJEB16057	SAMEA4506988	ftp.sra.ebi.ac.uk/vol1/fastq/ERR168/002/ERR1688292/ERR1688292.fastq.gz
ERR1688293	PRJEB16057	SAMEA4506989	ftp.sra.ebi.ac.uk/vol1/fastq/ERR168/003/ERR1688293/ERR1688293.fastq.gz
ERR1688294	PRJEB16057	SAMEA4506990	ftp.sra.ebi.ac.uk/vol1/fastq/ERR168/004/ERR1688294/ERR1688294.fastq.gz
ERR1688295	PRJEB16057	SAMEA4506991	ftp.sra.ebi.ac.uk/vol1/fastq/ERR168/005/ERR1688295/ERR1688295.fastq.gz
ERR1688299	PRJEB16057	SAMEA4506995	ftp.sra.ebi.ac.uk/vol1/fastq/ERR168/009/ERR1688299/ERR1688299.fastq.gz
ERR1688301	PRJEB16057	SAMEA4506997	ftp.sra.ebi.ac.uk/vol1/fastq/ERR168/001/ERR1688301/ERR1688301.fastq.gz
ERR1688303	PRJEB16057	SAMEA4506999	ftp.sra.ebi.ac.uk/vol1/fastq/ERR168/003/ERR1688303/ERR1688303.fastq.gz
ERR1688304	PRJEB16057	SAMEA4507000	ftp.sra.ebi.ac.uk/vol1/fastq/ERR168/004/ERR1688304/ERR1688304.fastq.gz
ERR1688307	PRJEB16057	SAMEA4507003	ftp.sra.ebi.ac.uk/vol1/fastq/ERR168/007/ERR1688307/ERR1688307.fastq.gz
ERR1688308	PRJEB16057	SAMEA4507004	ftp.sra.ebi.ac.uk/vol1/fastq/ERR168/008/ERR1688308/ERR1688308.fastq.gz
ERR1688152	PRJEB16057	SAMEA4506927	ftp.sra.ebi.ac.uk/vol1/fastq/ERR168/002/ERR1688152/ERR1688152.fastq.gz
ERR1688155	PRJEB16057	SAMEA4506930	ftp.sra.ebi.ac.uk/vol1/fastq/ERR168/005/ERR1688155/ERR1688155.fastq.gz
ERR1688162	PRJEB16057	SAMEA4506937	ftp.sra.ebi.ac.uk/vol1/fastq/ERR168/002/ERR1688162/ERR1688162.fastq.gz
ERR1688163	PRJEB16057	SAMEA4506938	ftp.sra.ebi.ac.uk/vol1/fastq/ERR168/003/ERR1688163/ERR1688163.fastq.gz
ERR1688168	PRJEB16057	SAMEA4506943	ftp.sra.ebi.ac.uk/vol1/fastq/ERR168/008/ERR1688168/ERR1688168.fastq.gz
ERR1688170	PRJEB16057	SAMEA4506945	ftp.sra.ebi.ac.uk/vol1/fastq/ERR168/000/ERR1688170/ERR1688170.fastq.gz
ERR1688172	PRJEB16057	SAMEA4506947	ftp.sra.ebi.ac.uk/vol1/fastq/ERR168/002/ERR1688172/ERR1688172.fastq.gz
ERR1688175	PRJEB16057	SAMEA4506950	ftp.sra.ebi.ac.uk/vol1/fastq/ERR168/005/ERR1688175/ERR1688175.fastq.gz
ERR1688180	PRJEB16057	SAMEA4506955	ftp.sra.ebi.ac.uk/vol1/fastq/ERR168/000/ERR1688180/ERR1688180.fastq.gz
ERR1688183	PRJEB16057	SAMEA4506958	ftp.sra.ebi.ac.uk/vol1/fastq/ERR168/003/ERR1688183/ERR1688183.fastq.gz
ERR1688186	PRJEB16057	SAMEA4506961	ftp.sra.ebi.ac.uk/vol1/fastq/ERR168/006/ERR1688186/ERR1688186.fastq.gz
ERR1688190	PRJEB16057	SAMEA4506965	ftp.sra.ebi.ac.uk/vol1/fastq/ERR168/000/ERR1688190/ERR1688190.fastq.gz
ERR1688192	PRJEB16057	SAMEA4506967	ftp.sra.ebi.ac.uk/vol1/fastq/ERR168/002/ERR1688192/ERR1688192.fastq.gz
ERR1688193	PRJEB16057	SAMEA4506968	ftp.sra.ebi.ac.uk/vol1/fastq/ERR168/003/ERR1688193/ERR1688193.fastq.gz
ERR1688194	PRJEB16057	SAMEA4506969	ftp.sra.ebi.ac.uk/vol1/fastq/ERR168/004/ERR1688194/ERR1688194.fastq.gz
ERR1688198	PRJEB16057	SAMEA4506973	ftp.sra.ebi.ac.uk/vol1/fastq/ERR168/008/ERR1688198/ERR1688198.fastq.gz
ERR1688199	PRJEB16057	SAMEA4506974	ftp.sra.ebi.ac.uk/vol1/fastq/ERR168/009/ERR1688199/ERR1688199.fastq.gz
ERR1688200	PRJEB16057	SAMEA4506975	ftp.sra.ebi.ac.uk/vol1/fastq/ERR168/000/ERR1688200/ERR1688200.fastq.gz
ERR1688207	PRJEB16057	SAMEA4506982	ftp.sra.ebi.ac.uk/vol1/fastq/ERR168/007/ERR1688207/ERR1688207.fastq.gz
ERR1688208	PRJEB16057	SAMEA4506983	ftp.sra.ebi.ac.uk/vol1/fastq/ERR168/008/ERR1688208/ERR1688208.fastq.gz
ERR1688215	PRJEB16057	SAMEA4506990	ftp.sra.ebi.ac.uk/vol1/fastq/ERR168/005/ERR1688215/ERR1688215.fastq.gz
ERR1688224	PRJEB16057	SAMEA4506999	ftp.sra.ebi.ac.uk/vol1/fastq/ERR168/004/ERR1688224/ERR1688224.fastq.gz
ERR1688226	PRJEB16057	SAMEA4507001	ftp.sra.ebi.ac.uk/vol1/fastq/ERR168/006/ERR1688226/ERR1688226.fastq.gz
ERR1688228	PRJEB16057	SAMEA4507003	ftp.sra.ebi.ac.uk/vol1/fastq/ERR168/008/ERR1688228/ERR1688228.fastq.gz
ERR1688229	PRJEB16057	SAMEA4507004	ftp.sra.ebi.ac.uk/vol1/fastq/ERR168/009/ERR1688229/ERR1688229.fastq.gz
ERR1688230	PRJEB16057	SAMEA4507005	ftp.sra.ebi.ac.uk/vol1/fastq/ERR168/000/ERR1688230/ERR1688230.fastq.gz
ERR1688232	PRJEB16057	SAMEA4506928	ftp.sra.ebi.ac.uk/vol1/fastq/ERR168/002/ERR1688232/ERR1688232.fastq.gz
ERR1688237	PRJEB16057	SAMEA4506933	ftp.sra.ebi.ac.uk/vol1/fastq/ERR168/007/ERR1688237/ERR1688237.fastq.gz
ERR1688238	PRJEB16057	SAMEA4506934	ftp.sra.ebi.ac.uk/vol1/fastq/ERR168/008/ERR1688238/ERR1688238.fastq.gz
ERR1688254	PRJEB16057	SAMEA4506950	ftp.sra.ebi.ac.uk/vol1/fastq/ERR168/004/ERR1688254/ERR1688254.fastq.gz
ERR1688256	PRJEB16057	SAMEA4506952	ftp.sra.ebi.ac.uk/vol1/fastq/ERR168/006/ERR1688256/ERR1688256.fastq.gz
ERR1688257	PRJEB16057	SAMEA4506953	ftp.sra.ebi.ac.uk/vol1/fastq/ERR168/007/ERR1688257/ERR1688257.fastq.gz
ERR1688258	PRJEB16057	SAMEA4506954	ftp.sra.ebi.ac.uk/vol1/fastq/ERR168/008/ERR1688258/ERR1688258.fastq.gz
ERR1688261	PRJEB16057	SAMEA4506957	ftp.sra.ebi.ac.uk/vol1/fastq/ERR168/001/ERR1688261/ERR1688261.fastq.gz
ERR1688262	PRJEB16057	SAMEA4506958	ftp.sra.ebi.ac.uk/vol1/fastq/ERR168/002/ERR1688262/ERR1688262.fastq.gz
ERR1688268	PRJEB16057	SAMEA4506964	ftp.sra.ebi.ac.uk/vol1/fastq/ERR168/008/ERR1688268/ERR1688268.fastq.gz
ERR1688271	PRJEB16057	SAMEA4506967	ftp.sra.ebi.ac.uk/vol1/fastq/ERR168/001/ERR1688271/ERR1688271.fastq.gz
ERR1688272	PRJEB16057	SAMEA4506968	ftp.sra.ebi.ac.uk/vol1/fastq/ERR168/002/ERR1688272/ERR1688272.fastq.gz
ERR1688273	PRJEB16057	SAMEA4506969	ftp.sra.ebi.ac.uk/vol1/fastq/ERR168/003/ERR1688273/ERR1688273.fastq.gz
ERR1688275	PRJEB16057	SAMEA4506971	ftp.sra.ebi.ac.uk/vol1/fastq/ERR168/005/ERR1688275/ERR1688275.fastq.gz
ERR1688277	PRJEB16057	SAMEA4506973	ftp.sra.ebi.ac.uk/vol1/fastq/ERR168/007/ERR1688277/ERR1688277.fastq.gz
ERR1688279	PRJEB16057	SAMEA4506975	ftp.sra.ebi.ac.uk/vol1/fastq/ERR168/009/ERR1688279/ERR1688279.fastq.gz
ERR1688284	PRJEB16057	SAMEA4506980	ftp.sra.ebi.ac.uk/vol1/fastq/ERR168/004/ERR1688284/ERR1688284.fastq.gz
ERR1688287	PRJEB16057	SAMEA4506983	ftp.sra.ebi.ac.uk/vol1/fastq/ERR168/007/ERR1688287/ERR1688287.fastq.gz
ERR1688289	PRJEB16057	SAMEA4506985	ftp.sra.ebi.ac.uk/vol1/fastq/ERR168/009/ERR1688289/ERR1688289.fastq.gz
ERR1688296	PRJEB16057	SAMEA4506992	ftp.sra.ebi.ac.uk/vol1/fastq/ERR168/006/ERR1688296/ERR1688296.fastq.gz
ERR1688300	PRJEB16057	SAMEA4506996	ftp.sra.ebi.ac.uk/vol1/fastq/ERR168/000/ERR1688300/ERR1688300.fastq.gz
ERR1688305	PRJEB16057	SAMEA4507001	ftp.sra.ebi.ac.uk/vol1/fastq/ERR168/005/ERR1688305/ERR1688305.fastq.gz
ERR1688306	PRJEB16057	SAMEA4507002	ftp.sra.ebi.ac.uk/vol1/fastq/ERR168/006/ERR1688306/ERR1688306.fastq.gz
ERR1688309	PRJEB16057	SAMEA4507005	ftp.sra.ebi.ac.uk/vol1/fastq/ERR168/009/ERR1688309/ERR1688309.fastq.gz
ERR1688154	PRJEB16057	SAMEA4506929	ftp.sra.ebi.ac.uk/vol1/fastq/ERR168/004/ERR1688154/ERR1688154.fastq.gz
ERR1688156	PRJEB16057	SAMEA4506931	ftp.sra.ebi.ac.uk/vol1/fastq/ERR168/006/ERR1688156/ERR1688156.fastq.gz
ERR1688164	PRJEB16057	SAMEA4506939	ftp.sra.ebi.ac.uk/vol1/fastq/ERR168/004/ERR1688164/ERR1688164.fastq.gz
ERR1688165	PRJEB16057	SAMEA4506940	ftp.sra.ebi.ac.uk/vol1/fastq/ERR168/005/ERR1688165/ERR1688165.fastq.gz
ERR1688167	PRJEB16057	SAMEA4506942	ftp.sra.ebi.ac.uk/vol1/fastq/ERR168/007/ERR1688167/ERR1688167.fastq.gz
ERR1688177	PRJEB16057	SAMEA4506952	ftp.sra.ebi.ac.uk/vol1/fastq/ERR168/007/ERR1688177/ERR1688177.fastq.gz
ERR1688178	PRJEB16057	SAMEA4506953	ftp.sra.ebi.ac.uk/vol1/fastq/ERR168/008/ERR1688178/ERR1688178.fastq.gz
ERR1688181	PRJEB16057	SAMEA4506956	ftp.sra.ebi.ac.uk/vol1/fastq/ERR168/001/ERR1688181/ERR1688181.fastq.gz
ERR1688187	PRJEB16057	SAMEA4506962	ftp.sra.ebi.ac.uk/vol1/fastq/ERR168/007/ERR1688187/ERR1688187.fastq.gz
ERR1688191	PRJEB16057	SAMEA4506966	ftp.sra.ebi.ac.uk/vol1/fastq/ERR168/001/ERR1688191/ERR1688191.fastq.gz
ERR1688196	PRJEB16057	SAMEA4506971	ftp.sra.ebi.ac.uk/vol1/fastq/ERR168/006/ERR1688196/ERR1688196.fastq.gz
ERR1688203	PRJEB16057	SAMEA4506978	ftp.sra.ebi.ac.uk/vol1/fastq/ERR168/003/ERR1688203/ERR1688203.fastq.gz
ERR1688205	PRJEB16057	SAMEA4506980	ftp.sra.ebi.ac.uk/vol1/fastq/ERR168/005/ERR1688205/ERR1688205.fastq.gz
ERR1688209	PRJEB16057	SAMEA4506984	ftp.sra.ebi.ac.uk/vol1/fastq/ERR168/009/ERR1688209/ERR1688209.fastq.gz
ERR1688211	PRJEB16057	SAMEA4506986	ftp.sra.ebi.ac.uk/vol1/fastq/ERR168/001/ERR1688211/ERR1688211.fastq.gz
ERR1688212	PRJEB16057	SAMEA4506987	ftp.sra.ebi.ac.uk/vol1/fastq/ERR168/002/ERR1688212/ERR1688212.fastq.gz
ERR1688218	PRJEB16057	SAMEA4506993	ftp.sra.ebi.ac.uk/vol1/fastq/ERR168/008/ERR1688218/ERR1688218.fastq.gz
ERR1688219	PRJEB16057	SAMEA4506994	ftp.sra.ebi.ac.uk/vol1/fastq/ERR168/009/ERR1688219/ERR1688219.fastq.gz
ERR1688220	PRJEB16057	SAMEA4506995	ftp.sra.ebi.ac.uk/vol1/fastq/ERR168/000/ERR1688220/ERR1688220.fastq.gz
ERR1688221	PRJEB16057	SAMEA4506996	ftp.sra.ebi.ac.uk/vol1/fastq/ERR168/001/ERR1688221/ERR1688221.fastq.gz
ERR1688222	PRJEB16057	SAMEA4506997	ftp.sra.ebi.ac.uk/vol1/fastq/ERR168/002/ERR1688222/ERR1688222.fastq.gz
ERR1688225	PRJEB16057	SAMEA4507000	ftp.sra.ebi.ac.uk/vol1/fastq/ERR168/005/ERR1688225/ERR1688225.fastq.gz
ERR1688233	PRJEB16057	SAMEA4506929	ftp.sra.ebi.ac.uk/vol1/fastq/ERR168/003/ERR1688233/ERR1688233.fastq.gz
ERR1688235	PRJEB16057	SAMEA4506931	ftp.sra.ebi.ac.uk/vol1/fastq/ERR168/005/ERR1688235/ERR1688235.fastq.gz
ERR1688239	PRJEB16057	SAMEA4506935	ftp.sra.ebi.ac.uk/vol1/fastq/ERR168/009/ERR1688239/ERR1688239.fastq.gz
ERR1688243	PRJEB16057	SAMEA4506939	ftp.sra.ebi.ac.uk/vol1/fastq/ERR168/003/ERR1688243/ERR1688243.fastq.gz
ERR1688244	PRJEB16057	SAMEA4506940	ftp.sra.ebi.ac.uk/vol1/fastq/ERR168/004/ERR1688244/ERR1688244.fastq.gz
ERR1688251	PRJEB16057	SAMEA4506947	ftp.sra.ebi.ac.uk/vol1/fastq/ERR168/001/ERR1688251/ERR1688251.fastq.gz
ERR1688252	PRJEB16057	SAMEA4506948	ftp.sra.ebi.ac.uk/vol1/fastq/ERR168/002/ERR1688252/ERR1688252.fastq.gz
ERR1688253	PRJEB16057	SAMEA4506949	ftp.sra.ebi.ac.uk/vol1/fastq/ERR168/003/ERR1688253/ERR1688253.fastq.gz
ERR1688255	PRJEB16057	SAMEA4506951	ftp.sra.ebi.ac.uk/vol1/fastq/ERR168/005/ERR1688255/ERR1688255.fastq.gz
ERR1688259	PRJEB16057	SAMEA4506955	ftp.sra.ebi.ac.uk/vol1/fastq/ERR168/009/ERR1688259/ERR1688259.fastq.gz
ERR1688263	PRJEB16057	SAMEA4506959	ftp.sra.ebi.ac.uk/vol1/fastq/ERR168/003/ERR1688263/ERR1688263.fastq.gz
ERR1688264	PRJEB16057	SAMEA4506960	ftp.sra.ebi.ac.uk/vol1/fastq/ERR168/004/ERR1688264/ERR1688264.fastq.gz
ERR1688265	PRJEB16057	SAMEA4506961	ftp.sra.ebi.ac.uk/vol1/fastq/ERR168/005/ERR1688265/ERR1688265.fastq.gz
ERR1688269	PRJEB16057	SAMEA4506965	ftp.sra.ebi.ac.uk/vol1/fastq/ERR168/009/ERR1688269/ERR1688269.fastq.gz
ERR1688270	PRJEB16057	SAMEA4506966	ftp.sra.ebi.ac.uk/vol1/fastq/ERR168/000/ERR1688270/ERR1688270.fastq.gz
ERR1688274	PRJEB16057	SAMEA4506970	ftp.sra.ebi.ac.uk/vol1/fastq/ERR168/004/ERR1688274/ERR1688274.fastq.gz
ERR1688280	PRJEB16057	SAMEA4506976	ftp.sra.ebi.ac.uk/vol1/fastq/ERR168/000/ERR1688280/ERR1688280.fastq.gz
ERR1688281	PRJEB16057	SAMEA4506977	ftp.sra.ebi.ac.uk/vol1/fastq/ERR168/001/ERR1688281/ERR1688281.fastq.gz
ERR1688283	PRJEB16057	SAMEA4506979	ftp.sra.ebi.ac.uk/vol1/fastq/ERR168/003/ERR1688283/ERR1688283.fastq.gz
ERR1688285	PRJEB16057	SAMEA4506981	ftp.sra.ebi.ac.uk/vol1/fastq/ERR168/005/ERR1688285/ERR1688285.fastq.gz
ERR1688286	PRJEB16057	SAMEA4506982	ftp.sra.ebi.ac.uk/vol1/fastq/ERR168/006/ERR1688286/ERR1688286.fastq.gz
ERR1688288	PRJEB16057	SAMEA4506984	ftp.sra.ebi.ac.uk/vol1/fastq/ERR168/008/ERR1688288/ERR1688288.fastq.gz
ERR1688290	PRJEB16057	SAMEA4506986	ftp.sra.ebi.ac.uk/vol1/fastq/ERR168/000/ERR1688290/ERR1688290.fastq.gz
ERR1688291	PRJEB16057	SAMEA4506987	ftp.sra.ebi.ac.uk/vol1/fastq/ERR168/001/ERR1688291/ERR1688291.fastq.gz
ERR1688297	PRJEB16057	SAMEA4506993	ftp.sra.ebi.ac.uk/vol1/fastq/ERR168/007/ERR1688297/ERR1688297.fastq.gz
ERR1688298	PRJEB16057	SAMEA4506994	ftp.sra.ebi.ac.uk/vol1/fastq/ERR168/008/ERR1688298/ERR1688298.fastq.gz
ERR1688302	PRJEB16057	SAMEA4506998	ftp.sra.ebi.ac.uk/vol1/fastq/ERR168/002/ERR1688302/ERR1688302.fastq.gz
