sample-id	input	filtered	percentage of input passed filter	denoised	merged	percentage of input merged	non-chimeric	percentage of input non-chimeric
#q2:types	numeric	numeric	numeric	numeric	numeric	numeric	numeric	numeric
SRR28352819	90720	45454	50.1	45087	44217	48.74	43563	48.02
SRR28352820	154256	111988	72.6	111681	110845	71.86	102918	66.72
SRR28352821	158851	110025	69.26	109721	108794	68.49	104297	65.66
SRR28352822	155864	115033	73.8	114698	113795	73.01	112729	72.33
SRR28352823	96667	46327	47.92	44584	42142	43.6	41054	42.47
SRR28352824	146531	102621	70.03	101926	100761	68.76	95767	65.36
SRR28352825	89913	44715	49.73	44482	43929	48.86	41211	45.83
SRR28352826	129595	87817	67.76	87349	86259	66.56	80666	62.24
SRR28352827	78785	38644	49.05	38471	38125	48.39	36485	46.31
SRR28352828	128219	88870	69.31	87102	83709	65.29	78650	61.34
SRR28352829	89804	45813	51.01	45573	44465	49.51	39608	44.1
SRR28352830	63768	27103	42.5	27024	26791	42.01	26592	41.7
SRR28352831	111575	63096	56.55	62840	62124	55.68	60053	53.82
SRR28352832	180666	114714	63.5	114239	112154	62.08	107409	59.45
SRR28352833	155259	113191	72.9	113010	112374	72.38	106825	68.8
SRR28352834	154204	91144	59.11	89688	87402	56.68	82611	53.57
SRR28352835	78235	38974	49.82	38638	37289	47.66	35476	45.35
SRR28352836	85842	59143	68.9	58845	57503	66.99	49318	57.45
SRR28352837	321252	220423	68.61	220094	215340	67.03	197420	61.45
SRR28352838	184074	111848	60.76	110104	107280	58.28	103186	56.06
SRR28352839	49195	25423	51.68	25335	24927	50.67	22012	44.74
SRR28352840	52493	23601	44.96	23286	22786	43.41	22126	42.15
SRR28352841	127202	89874	70.65	89263	87757	68.99	84065	66.09
SRR28352842	33273	12861	38.65	12834	12824	38.54	12772	38.39
SRR28352843	127106	83652	65.81	83059	81774	64.34	79144	62.27
SRR28352844	42457	16499	38.86	16466	16431	38.7	16339	38.48
SRR28352845	171151	118307	69.12	118085	117581	68.7	116769	68.23
SRR28352846	42845	16425	38.34	16291	16035	37.43	15869	37.04
SRR28352847	152727	107365	70.3	107008	105588	69.14	100351	65.71
SRR28352848	46572	14650	31.46	14495	14387	30.89	14270	30.64
SRR28352849	131633	85473	64.93	84743	83117	63.14	79759	60.59
SRR28352850	81449	41510	50.96	40704	39030	47.92	38177	46.87
SRR28352851	99100	52133	52.61	51454	50207	50.66	46818	47.24
SRR28352852	72992	36342	49.79	36100	35529	48.68	34454	47.2
SRR28352853	65518	43437	66.3	42566	41280	63.01	40163	61.3
SRR28352854	99139	40064	40.41	39912	39707	40.05	39556	39.9
SRR28352855	106411	80526	75.67	80180	79480	74.69	77208	72.56
SRR28352856	64059	28457	44.42	28385	28198	44.02	28181	43.99
SRR28352857	228732	75678	33.09	74529	70215	30.7	61085	26.71
SRR28352858	84679	39727	46.91	39149	38124	45.02	36719	43.36
SRR28352859	120250	82477	68.59	81994	79390	66.02	73122	60.81
SRR28352860	56195	28632	50.95	28402	27942	49.72	26828	47.74
SRR28352861	131175	94301	71.89	93488	91408	69.68	80062	61.03
SRR28352862	48370	35543	73.48	35281	34818	71.98	32112	66.39
SRR28352863	61029	41630	68.21	41262	40660	66.62	40136	65.77
SRR28352864	87489	63983	73.13	63808	63349	72.41	58089	66.4
SRR28352865	182371	59541	32.65	58857	56998	31.25	54531	29.9
SRR28352866	81975	59967	73.15	59291	58184	70.98	56582	69.02
SRR28352867	155355	21780	14.02	21548	20150	12.97	19759	12.72
SRR28352868	116225	7888	6.79	7784	7225	6.22	6675	5.74
SRR28352869	86154	54689	63.48	54400	53621	62.24	50931	59.12
SRR28352870	91504	70255	76.78	69420	67519	73.79	63127	68.99
SRR28352871	83075	65044	78.3	64751	63827	76.83	58832	70.82
SRR28352872	165086	107677	65.22	107251	105355	63.82	103087	62.44
SRR28352873	84487	64472	76.31	64127	63302	74.93	59082	69.93
SRR28352874	190922	137264	71.9	136625	133295	69.82	119671	62.68
SRR28352875	193631	92227	47.63	90414	85716	44.27	75469	38.98
SRR28352876	224251	121905	54.36	120437	116183	51.81	107165	47.79
SRR28352877	128703	89913	69.86	89623	88767	68.97	85758	66.63
SRR28352878	128713	81986	63.7	81632	80874	62.83	78701	61.14
SRR28352879	66761	44980	67.37	44851	44660	66.9	43359	64.95
SRR28352880	160077	101946	63.69	101578	100161	62.57	93377	58.33
SRR28352881	156933	110145	70.19	109960	109029	69.47	105531	67.25
SRR28352882	128669	78463	60.98	77192	75079	58.35	73376	57.03
SRR28352883	132052	83292	63.08	83110	82711	62.64	82532	62.5
SRR28352884	83209	53342	64.11	52413	51155	61.48	49673	59.7
SRR28352885	99636	62693	62.92	62313	61861	62.09	61517	61.74
SRR28352886	109600	66027	60.24	65562	64540	58.89	63562	57.99
SRR28352887	127228	78818	61.95	78426	77637	61.02	77220	60.69
SRR28352888	156410	93434	59.74	92899	91415	58.45	90527	57.88
SRR28352889	156534	96955	61.94	96144	94818	60.57	92693	59.22
SRR28352890	228070	110822	48.59	108687	104170	45.67	94943	41.63
SRR28352891	65182	32415	49.73	32166	31330	48.07	28583	43.85
SRR28352892	117872	85080	72.18	84902	83169	70.56	80681	68.45
SRR28352893	106090	42644	40.2	41893	40883	38.54	39650	37.37
SRR28352894	170994	103596	60.58	102817	100828	58.97	97119	56.8
SRR28352895	27520	15232	55.35	15170	14835	53.91	14509	52.72
SRR28352896	242104	32433	13.4	32262	30424	12.57	27885	11.52
SRR28352897	88860	42284	47.58	41653	40165	45.2	39169	44.08
SRR28352898	68815	36145	52.52	35917	35335	51.35	33592	48.81
SRR28352899	69414	38854	55.97	38573	37811	54.47	36470	52.54
SRR28352900	83945	46570	55.48	46006	44946	53.54	42655	50.81
SRR28352901	131874	92094	69.83	91341	90197	68.4	86465	65.57
SRR28352902	100648	48586	48.27	47883	46841	46.54	44726	44.44
SRR28352903	181378	125530	69.21	124832	122649	67.62	112179	61.85
SRR28352904	126145	92688	73.48	92342	91540	72.57	89780	71.17
SRR28352905	180444	115705	64.12	115023	113275	62.78	98869	54.79
SRR28352906	88361	41478	46.94	41275	40205	45.5	36836	41.69
SRR28352907	80106	41420	51.71	41173	40007	49.94	37919	47.34
SRR28352908	84591	40642	48.05	40489	39386	46.56	38741	45.8
SRR28352909	85058	40628	47.77	40499	39049	45.91	37960	44.63
SRR28352910	158309	113200	71.51	112676	111614	70.5	98851	62.44
SRR28352911	76261	41532	54.46	41325	40835	53.55	39185	51.38
SRR28352912	181526	120084	66.15	118335	113737	62.66	102254	56.33
SRR28352913	287287	32021	11.15	31815	30491	10.61	28576	9.95
SRR28352914	224076	13544	6.04	13488	13205	5.89	12583	5.62
SRR28352915	171089	124045	72.5	123398	121776	71.18	114815	67.11
SRR28352916	179303	112450	62.72	110714	107825	60.14	103364	57.65
SRR28352917	132363	93217	70.43	91777	89099	67.31	85116	64.3
SRR28352918	79189	37077	46.82	36885	36415	45.98	34908	44.08
SRR28352919	72497	31929	44.04	31780	31485	43.43	31225	43.07
SRR28352920	85614	40629	47.46	40105	38833	45.36	36001	42.05
SRR28352921	73002	31975	43.8	31830	31420	43.04	29882	40.93
SRR28352922	57572	44322	76.99	44183	42936	74.58	41212	71.58
SRR28352923	157808	99646	63.14	99126	97361	61.7	97009	61.47
SRR28352924	119300	75107	62.96	74858	74110	62.12	73695	61.77
SRR28352925	65103	40954	62.91	40737	40129	61.64	40100	61.59
SRR28352926	171693	108863	63.41	107841	106144	61.82	103924	60.53
SRR28352927	133767	79531	59.45	79167	78371	58.59	77894	58.23
SRR28352928	214943	140142	65.2	138280	134355	62.51	126027	58.63
SRR28352929	180617	124610	68.99	124226	122040	67.57	106328	58.87
SRR28352930	105954	72903	68.81	72397	71568	67.55	69148	65.26
SRR28352931	251675	79389	31.54	78497	75739	30.09	64779	25.74
SRR28352932	162315	103538	63.79	102441	98633	60.77	89066	54.87
SRR28352933	176058	84807	48.17	83841	80731	45.85	73542	41.77
SRR28352934	184851	114176	61.77	113527	112423	60.82	110579	59.82
SRR28352935	87052	58869	67.63	58674	58169	66.82	55556	63.82
SRR28352936	165930	101981	61.46	100212	96992	58.45	95436	57.52
SRR28352937	213273	147236	69.04	145785	142415	66.78	125737	58.96
SRR28352938	198089	129722	65.49	128517	125984	63.6	120891	61.03
SRR28352939	177096	114131	64.45	112196	107756	60.85	97966	55.32
SRR28352940	173913	112802	64.86	111592	109722	63.09	108783	62.55
SRR28352941	77671	51540	66.36	51290	50963	65.61	50262	64.71
SRR28352942	170383	111263	65.3	110573	108334	63.58	102347	60.07
SRR28352943	201717	126271	62.6	125529	124156	61.55	116882	57.94
SRR28352944	90531	62513	69.05	62383	61546	67.98	60703	67.05
SRR28352945	149498	105458	70.54	105132	103059	68.94	88430	59.15
SRR28352946	131267	81371	61.99	81147	80705	61.48	80429	61.27
SRR28352947	168148	110436	65.68	109311	106890	63.57	100843	59.97
SRR28352948	180657	102803	56.91	102482	101135	55.98	89368	49.47
SRR28352949	197605	123426	62.46	121426	117734	59.58	114071	57.73
SRR28352950	170034	107863	63.44	106562	104274	61.33	99762	58.67
SRR28352951	247720	12568	5.07	12326	11280	4.55	10942	4.42
SRR28352952	151055	96552	63.92	95828	94178	62.35	89901	59.52
SRR28352953	147367	103729	70.39	103476	103262	70.07	103248	70.06
SRR28352954	128203	83672	65.27	82495	81019	63.2	79807	62.25
SRR28352955	251048	70249	27.98	69927	67636	26.94	62357	24.84
SRR28352956	175020	112962	64.54	112817	112598	64.33	111183	63.53
SRR28352957	121817	94900	77.9	94793	94368	77.47	87561	71.88
SRR28352958	44693	33155	74.18	32981	32871	73.55	32195	72.04
SRR28352959	105605	59171	56.03	58924	58687	55.57	58449	55.35
SRR28352960	103991	65481	62.97	65079	64386	61.91	60480	58.16
SRR28352961	191600	128520	67.08	127351	124383	64.92	117088	61.11
SRR28352962	154921	103828	67.02	100488	96512	62.3	93095	60.09
SRR28352963	116301	45773	39.36	45582	45041	38.73	44402	38.18
SRR28352964	177299	132954	74.99	132317	130295	73.49	119985	67.67
SRR28352965	56985	40460	71	39849	38795	68.08	36658	64.33
SRR28352966	242720	57316	23.61	56828	51039	21.03	48594	20.02
SRR28352967	82651	56930	68.88	56743	55773	67.48	55569	67.23
SRR28352968	152401	101227	66.42	99207	96175	63.11	93074	61.07
SRR28352969	92145	45494	49.37	45134	44001	47.75	41154	44.66
SRR28352970	154585	95660	61.88	94449	92227	59.66	89298	57.77
SRR28352971	44978	23254	51.7	23100	22811	50.72	21181	47.09
SRR28352972	212729	68347	32.13	66697	63223	29.72	59266	27.86
SRR28352973	152899	48202	31.53	48029	47233	30.89	39756	26
SRR28352974	92082	60604	65.82	60535	60469	65.67	60354	65.54
SRR28352975	69475	31046	44.69	31000	30938	44.53	30818	44.36
SRR28352976	107581	71673	66.62	71078	69765	64.85	66172	61.51
SRR28352977	118674	89934	75.78	89688	87509	73.74	82039	69.13
SRR28352978	101370	51553	50.86	51253	50502	49.82	44508	43.91
SRR28352979	61836	38243	61.85	37943	37461	60.58	37143	60.07
SRR28352980	96984	40269	41.52	40185	40033	41.28	39817	41.06
SRR28352981	97191	70514	72.55	70029	68373	70.35	62005	63.8
SRR28352982	59053	3883	6.58	3851	3721	6.3	3439	5.82
SRR28352983	81974	44859	54.72	44463	43821	53.46	43654	53.25
SRR28352984	87911	29819	33.92	29739	29501	33.56	29198	33.21
SRR28352985	144020	95411	66.25	93652	91060	63.23	88988	61.79
SRR28352986	44877	19830	44.19	19785	19576	43.62	19535	43.53
SRR28352987	79650	35936	45.12	34892	33411	41.95	31584	39.65
SRR28352988	149536	96133	64.29	95113	92869	62.1	90551	60.55
SRR28352989	126596	5155	4.07	5096	4916	3.88	4835	3.82
SRR28352990	109433	3940	3.6	3899	3778	3.45	3701	3.38
