sample-id	forward-absolute-filepath	reverse-absolute-filepath
SRR28984048	/Users/sophiehuebler/Documents/ODSi/ODSiData/Fujimoto2024/RawData/SRR28984048_1.fastq	/Users/sophiehuebler/Documents/ODSi/ODSiData/Fujimoto2024/RawData/SRR28984048_2.fastq
SRR28984052	/Users/sophiehuebler/Documents/ODSi/ODSiData/Fujimoto2024/RawData/SRR28984052_1.fastq	/Users/sophiehuebler/Documents/ODSi/ODSiData/Fujimoto2024/RawData/SRR28984052_2.fastq
SRR28984053	/Users/sophiehuebler/Documents/ODSi/ODSiData/Fujimoto2024/RawData/SRR28984053_1.fastq	/Users/sophiehuebler/Documents/ODSi/ODSiData/Fujimoto2024/RawData/SRR28984053_2.fastq
SRR28984054	/Users/sophiehuebler/Documents/ODSi/ODSiData/Fujimoto2024/RawData/SRR28984054_1.fastq	/Users/sophiehuebler/Documents/ODSi/ODSiData/Fujimoto2024/RawData/SRR28984054_2.fastq
SRR28984055	/Users/sophiehuebler/Documents/ODSi/ODSiData/Fujimoto2024/RawData/SRR28984055_1.fastq	/Users/sophiehuebler/Documents/ODSi/ODSiData/Fujimoto2024/RawData/SRR28984055_2.fastq
SRR28984056	/Users/sophiehuebler/Documents/ODSi/ODSiData/Fujimoto2024/RawData/SRR28984056_1.fastq	/Users/sophiehuebler/Documents/ODSi/ODSiData/Fujimoto2024/RawData/SRR28984056_2.fastq
SRR28984057	/Users/sophiehuebler/Documents/ODSi/ODSiData/Fujimoto2024/RawData/SRR28984057_1.fastq	/Users/sophiehuebler/Documents/ODSi/ODSiData/Fujimoto2024/RawData/SRR28984057_2.fastq
SRR28984058	/Users/sophiehuebler/Documents/ODSi/ODSiData/Fujimoto2024/RawData/SRR28984058_1.fastq	/Users/sophiehuebler/Documents/ODSi/ODSiData/Fujimoto2024/RawData/SRR28984058_2.fastq
SRR28984059	/Users/sophiehuebler/Documents/ODSi/ODSiData/Fujimoto2024/RawData/SRR28984059_1.fastq	/Users/sophiehuebler/Documents/ODSi/ODSiData/Fujimoto2024/RawData/SRR28984059_2.fastq
SRR28984060	/Users/sophiehuebler/Documents/ODSi/ODSiData/Fujimoto2024/RawData/SRR28984060_1.fastq	/Users/sophiehuebler/Documents/ODSi/ODSiData/Fujimoto2024/RawData/SRR28984060_2.fastq
SRR28984061	/Users/sophiehuebler/Documents/ODSi/ODSiData/Fujimoto2024/RawData/SRR28984061_1.fastq	/Users/sophiehuebler/Documents/ODSi/ODSiData/Fujimoto2024/RawData/SRR28984061_2.fastq
SRR28984062	/Users/sophiehuebler/Documents/ODSi/ODSiData/Fujimoto2024/RawData/SRR28984062_1.fastq	/Users/sophiehuebler/Documents/ODSi/ODSiData/Fujimoto2024/RawData/SRR28984062_2.fastq
SRR28984063	/Users/sophiehuebler/Documents/ODSi/ODSiData/Fujimoto2024/RawData/SRR28984063_1.fastq	/Users/sophiehuebler/Documents/ODSi/ODSiData/Fujimoto2024/RawData/SRR28984063_2.fastq
SRR28984064	/Users/sophiehuebler/Documents/ODSi/ODSiData/Fujimoto2024/RawData/SRR28984064_1.fastq	/Users/sophiehuebler/Documents/ODSi/ODSiData/Fujimoto2024/RawData/SRR28984064_2.fastq
SRR28984065	/Users/sophiehuebler/Documents/ODSi/ODSiData/Fujimoto2024/RawData/SRR28984065_1.fastq	/Users/sophiehuebler/Documents/ODSi/ODSiData/Fujimoto2024/RawData/SRR28984065_2.fastq
SRR28984066	/Users/sophiehuebler/Documents/ODSi/ODSiData/Fujimoto2024/RawData/SRR28984066_1.fastq	/Users/sophiehuebler/Documents/ODSi/ODSiData/Fujimoto2024/RawData/SRR28984066_2.fastq
SRR28984067	/Users/sophiehuebler/Documents/ODSi/ODSiData/Fujimoto2024/RawData/SRR28984067_1.fastq	/Users/sophiehuebler/Documents/ODSi/ODSiData/Fujimoto2024/RawData/SRR28984067_2.fastq
SRR28984068	/Users/sophiehuebler/Documents/ODSi/ODSiData/Fujimoto2024/RawData/SRR28984068_1.fastq	/Users/sophiehuebler/Documents/ODSi/ODSiData/Fujimoto2024/RawData/SRR28984068_2.fastq
SRR28984069	/Users/sophiehuebler/Documents/ODSi/ODSiData/Fujimoto2024/RawData/SRR28984069_1.fastq	/Users/sophiehuebler/Documents/ODSi/ODSiData/Fujimoto2024/RawData/SRR28984069_2.fastq
SRR28984070	/Users/sophiehuebler/Documents/ODSi/ODSiData/Fujimoto2024/RawData/SRR28984070_1.fastq	/Users/sophiehuebler/Documents/ODSi/ODSiData/Fujimoto2024/RawData/SRR28984070_2.fastq
SRR28984071	/Users/sophiehuebler/Documents/ODSi/ODSiData/Fujimoto2024/RawData/SRR28984071_1.fastq	/Users/sophiehuebler/Documents/ODSi/ODSiData/Fujimoto2024/RawData/SRR28984071_2.fastq
SRR28984072	/Users/sophiehuebler/Documents/ODSi/ODSiData/Fujimoto2024/RawData/SRR28984072_1.fastq	/Users/sophiehuebler/Documents/ODSi/ODSiData/Fujimoto2024/RawData/SRR28984072_2.fastq
SRR28984073	/Users/sophiehuebler/Documents/ODSi/ODSiData/Fujimoto2024/RawData/SRR28984073_1.fastq	/Users/sophiehuebler/Documents/ODSi/ODSiData/Fujimoto2024/RawData/SRR28984073_2.fastq
SRR28984074	/Users/sophiehuebler/Documents/ODSi/ODSiData/Fujimoto2024/RawData/SRR28984074_1.fastq	/Users/sophiehuebler/Documents/ODSi/ODSiData/Fujimoto2024/RawData/SRR28984074_2.fastq
SRR28984075	/Users/sophiehuebler/Documents/ODSi/ODSiData/Fujimoto2024/RawData/SRR28984075_1.fastq	/Users/sophiehuebler/Documents/ODSi/ODSiData/Fujimoto2024/RawData/SRR28984075_2.fastq
SRR28984076	/Users/sophiehuebler/Documents/ODSi/ODSiData/Fujimoto2024/RawData/SRR28984076_1.fastq	/Users/sophiehuebler/Documents/ODSi/ODSiData/Fujimoto2024/RawData/SRR28984076_2.fastq
SRR28984077	/Users/sophiehuebler/Documents/ODSi/ODSiData/Fujimoto2024/RawData/SRR28984077_1.fastq	/Users/sophiehuebler/Documents/ODSi/ODSiData/Fujimoto2024/RawData/SRR28984077_2.fastq
SRR28984078	/Users/sophiehuebler/Documents/ODSi/ODSiData/Fujimoto2024/RawData/SRR28984078_1.fastq	/Users/sophiehuebler/Documents/ODSi/ODSiData/Fujimoto2024/RawData/SRR28984078_2.fastq
SRR28984079	/Users/sophiehuebler/Documents/ODSi/ODSiData/Fujimoto2024/RawData/SRR28984079_1.fastq	/Users/sophiehuebler/Documents/ODSi/ODSiData/Fujimoto2024/RawData/SRR28984079_2.fastq
SRR28984080	/Users/sophiehuebler/Documents/ODSi/ODSiData/Fujimoto2024/RawData/SRR28984080_1.fastq	/Users/sophiehuebler/Documents/ODSi/ODSiData/Fujimoto2024/RawData/SRR28984080_2.fastq
SRR28984081	/Users/sophiehuebler/Documents/ODSi/ODSiData/Fujimoto2024/RawData/SRR28984081_1.fastq	/Users/sophiehuebler/Documents/ODSi/ODSiData/Fujimoto2024/RawData/SRR28984081_2.fastq
SRR28984082	/Users/sophiehuebler/Documents/ODSi/ODSiData/Fujimoto2024/RawData/SRR28984082_1.fastq	/Users/sophiehuebler/Documents/ODSi/ODSiData/Fujimoto2024/RawData/SRR28984082_2.fastq
SRR28984083	/Users/sophiehuebler/Documents/ODSi/ODSiData/Fujimoto2024/RawData/SRR28984083_1.fastq	/Users/sophiehuebler/Documents/ODSi/ODSiData/Fujimoto2024/RawData/SRR28984083_2.fastq
SRR28984084	/Users/sophiehuebler/Documents/ODSi/ODSiData/Fujimoto2024/RawData/SRR28984084_1.fastq	/Users/sophiehuebler/Documents/ODSi/ODSiData/Fujimoto2024/RawData/SRR28984084_2.fastq
SRR28984085	/Users/sophiehuebler/Documents/ODSi/ODSiData/Fujimoto2024/RawData/SRR28984085_1.fastq	/Users/sophiehuebler/Documents/ODSi/ODSiData/Fujimoto2024/RawData/SRR28984085_2.fastq
SRR28984086	/Users/sophiehuebler/Documents/ODSi/ODSiData/Fujimoto2024/RawData/SRR28984086_1.fastq	/Users/sophiehuebler/Documents/ODSi/ODSiData/Fujimoto2024/RawData/SRR28984086_2.fastq
SRR28984087	/Users/sophiehuebler/Documents/ODSi/ODSiData/Fujimoto2024/RawData/SRR28984087_1.fastq	/Users/sophiehuebler/Documents/ODSi/ODSiData/Fujimoto2024/RawData/SRR28984087_2.fastq
SRR28984088	/Users/sophiehuebler/Documents/ODSi/ODSiData/Fujimoto2024/RawData/SRR28984088_1.fastq	/Users/sophiehuebler/Documents/ODSi/ODSiData/Fujimoto2024/RawData/SRR28984088_2.fastq
SRR28984089	/Users/sophiehuebler/Documents/ODSi/ODSiData/Fujimoto2024/RawData/SRR28984089_1.fastq	/Users/sophiehuebler/Documents/ODSi/ODSiData/Fujimoto2024/RawData/SRR28984089_2.fastq
SRR28984090	/Users/sophiehuebler/Documents/ODSi/ODSiData/Fujimoto2024/RawData/SRR28984090_1.fastq	/Users/sophiehuebler/Documents/ODSi/ODSiData/Fujimoto2024/RawData/SRR28984090_2.fastq
SRR28984091	/Users/sophiehuebler/Documents/ODSi/ODSiData/Fujimoto2024/RawData/SRR28984091_1.fastq	/Users/sophiehuebler/Documents/ODSi/ODSiData/Fujimoto2024/RawData/SRR28984091_2.fastq
SRR28984092	/Users/sophiehuebler/Documents/ODSi/ODSiData/Fujimoto2024/RawData/SRR28984092_1.fastq	/Users/sophiehuebler/Documents/ODSi/ODSiData/Fujimoto2024/RawData/SRR28984092_2.fastq
SRR28984093	/Users/sophiehuebler/Documents/ODSi/ODSiData/Fujimoto2024/RawData/SRR28984093_1.fastq	/Users/sophiehuebler/Documents/ODSi/ODSiData/Fujimoto2024/RawData/SRR28984093_2.fastq
SRR28984094	/Users/sophiehuebler/Documents/ODSi/ODSiData/Fujimoto2024/RawData/SRR28984094_1.fastq	/Users/sophiehuebler/Documents/ODSi/ODSiData/Fujimoto2024/RawData/SRR28984094_2.fastq
SRR28984095	/Users/sophiehuebler/Documents/ODSi/ODSiData/Fujimoto2024/RawData/SRR28984095_1.fastq	/Users/sophiehuebler/Documents/ODSi/ODSiData/Fujimoto2024/RawData/SRR28984095_2.fastq
SRR28984096	/Users/sophiehuebler/Documents/ODSi/ODSiData/Fujimoto2024/RawData/SRR28984096_1.fastq	/Users/sophiehuebler/Documents/ODSi/ODSiData/Fujimoto2024/RawData/SRR28984096_2.fastq
SRR28984097	/Users/sophiehuebler/Documents/ODSi/ODSiData/Fujimoto2024/RawData/SRR28984097_1.fastq	/Users/sophiehuebler/Documents/ODSi/ODSiData/Fujimoto2024/RawData/SRR28984097_2.fastq
SRR28984098	/Users/sophiehuebler/Documents/ODSi/ODSiData/Fujimoto2024/RawData/SRR28984098_1.fastq	/Users/sophiehuebler/Documents/ODSi/ODSiData/Fujimoto2024/RawData/SRR28984098_2.fastq
SRR28984099	/Users/sophiehuebler/Documents/ODSi/ODSiData/Fujimoto2024/RawData/SRR28984099_1.fastq	/Users/sophiehuebler/Documents/ODSi/ODSiData/Fujimoto2024/RawData/SRR28984099_2.fastq
SRR28984100	/Users/sophiehuebler/Documents/ODSi/ODSiData/Fujimoto2024/RawData/SRR28984100_1.fastq	/Users/sophiehuebler/Documents/ODSi/ODSiData/Fujimoto2024/RawData/SRR28984100_2.fastq
SRR28984101	/Users/sophiehuebler/Documents/ODSi/ODSiData/Fujimoto2024/RawData/SRR28984101_1.fastq	/Users/sophiehuebler/Documents/ODSi/ODSiData/Fujimoto2024/RawData/SRR28984101_2.fastq
SRR28984102	/Users/sophiehuebler/Documents/ODSi/ODSiData/Fujimoto2024/RawData/SRR28984102_1.fastq	/Users/sophiehuebler/Documents/ODSi/ODSiData/Fujimoto2024/RawData/SRR28984102_2.fastq
SRR28984103	/Users/sophiehuebler/Documents/ODSi/ODSiData/Fujimoto2024/RawData/SRR28984103_1.fastq	/Users/sophiehuebler/Documents/ODSi/ODSiData/Fujimoto2024/RawData/SRR28984103_2.fastq
SRR28984104	/Users/sophiehuebler/Documents/ODSi/ODSiData/Fujimoto2024/RawData/SRR28984104_1.fastq	/Users/sophiehuebler/Documents/ODSi/ODSiData/Fujimoto2024/RawData/SRR28984104_2.fastq
SRR28984105	/Users/sophiehuebler/Documents/ODSi/ODSiData/Fujimoto2024/RawData/SRR28984105_1.fastq	/Users/sophiehuebler/Documents/ODSi/ODSiData/Fujimoto2024/RawData/SRR28984105_2.fastq
SRR28984106	/Users/sophiehuebler/Documents/ODSi/ODSiData/Fujimoto2024/RawData/SRR28984106_1.fastq	/Users/sophiehuebler/Documents/ODSi/ODSiData/Fujimoto2024/RawData/SRR28984106_2.fastq
SRR28984107	/Users/sophiehuebler/Documents/ODSi/ODSiData/Fujimoto2024/RawData/SRR28984107_1.fastq	/Users/sophiehuebler/Documents/ODSi/ODSiData/Fujimoto2024/RawData/SRR28984107_2.fastq
SRR28984108	/Users/sophiehuebler/Documents/ODSi/ODSiData/Fujimoto2024/RawData/SRR28984108_1.fastq	/Users/sophiehuebler/Documents/ODSi/ODSiData/Fujimoto2024/RawData/SRR28984108_2.fastq
SRR28984109	/Users/sophiehuebler/Documents/ODSi/ODSiData/Fujimoto2024/RawData/SRR28984109_1.fastq	/Users/sophiehuebler/Documents/ODSi/ODSiData/Fujimoto2024/RawData/SRR28984109_2.fastq
SRR28984110	/Users/sophiehuebler/Documents/ODSi/ODSiData/Fujimoto2024/RawData/SRR28984110_1.fastq	/Users/sophiehuebler/Documents/ODSi/ODSiData/Fujimoto2024/RawData/SRR28984110_2.fastq
SRR28984113	/Users/sophiehuebler/Documents/ODSi/ODSiData/Fujimoto2024/RawData/SRR28984113_1.fastq	/Users/sophiehuebler/Documents/ODSi/ODSiData/Fujimoto2024/RawData/SRR28984113_2.fastq
SRR28984125	/Users/sophiehuebler/Documents/ODSi/ODSiData/Fujimoto2024/RawData/SRR28984125_1.fastq	/Users/sophiehuebler/Documents/ODSi/ODSiData/Fujimoto2024/RawData/SRR28984125_2.fastq
SRR28984139	/Users/sophiehuebler/Documents/ODSi/ODSiData/Fujimoto2024/RawData/SRR28984139_1.fastq	/Users/sophiehuebler/Documents/ODSi/ODSiData/Fujimoto2024/RawData/SRR28984139_2.fastq
SRR28984150	/Users/sophiehuebler/Documents/ODSi/ODSiData/Fujimoto2024/RawData/SRR28984150_1.fastq	/Users/sophiehuebler/Documents/ODSi/ODSiData/Fujimoto2024/RawData/SRR28984150_2.fastq
SRR28984164	/Users/sophiehuebler/Documents/ODSi/ODSiData/Fujimoto2024/RawData/SRR28984164_1.fastq	/Users/sophiehuebler/Documents/ODSi/ODSiData/Fujimoto2024/RawData/SRR28984164_2.fastq
SRR28984175	/Users/sophiehuebler/Documents/ODSi/ODSiData/Fujimoto2024/RawData/SRR28984175_1.fastq	/Users/sophiehuebler/Documents/ODSi/ODSiData/Fujimoto2024/RawData/SRR28984175_2.fastq
SRR28984176	/Users/sophiehuebler/Documents/ODSi/ODSiData/Fujimoto2024/RawData/SRR28984176_1.fastq	/Users/sophiehuebler/Documents/ODSi/ODSiData/Fujimoto2024/RawData/SRR28984176_2.fastq
SRR28984177	/Users/sophiehuebler/Documents/ODSi/ODSiData/Fujimoto2024/RawData/SRR28984177_1.fastq	/Users/sophiehuebler/Documents/ODSi/ODSiData/Fujimoto2024/RawData/SRR28984177_2.fastq
SRR28984178	/Users/sophiehuebler/Documents/ODSi/ODSiData/Fujimoto2024/RawData/SRR28984178_1.fastq	/Users/sophiehuebler/Documents/ODSi/ODSiData/Fujimoto2024/RawData/SRR28984178_2.fastq
SRR28984179	/Users/sophiehuebler/Documents/ODSi/ODSiData/Fujimoto2024/RawData/SRR28984179_1.fastq	/Users/sophiehuebler/Documents/ODSi/ODSiData/Fujimoto2024/RawData/SRR28984179_2.fastq
SRR28984180	/Users/sophiehuebler/Documents/ODSi/ODSiData/Fujimoto2024/RawData/SRR28984180_1.fastq	/Users/sophiehuebler/Documents/ODSi/ODSiData/Fujimoto2024/RawData/SRR28984180_2.fastq
SRR28984181	/Users/sophiehuebler/Documents/ODSi/ODSiData/Fujimoto2024/RawData/SRR28984181_1.fastq	/Users/sophiehuebler/Documents/ODSi/ODSiData/Fujimoto2024/RawData/SRR28984181_2.fastq
SRR28984182	/Users/sophiehuebler/Documents/ODSi/ODSiData/Fujimoto2024/RawData/SRR28984182_1.fastq	/Users/sophiehuebler/Documents/ODSi/ODSiData/Fujimoto2024/RawData/SRR28984182_2.fastq
SRR28984183	/Users/sophiehuebler/Documents/ODSi/ODSiData/Fujimoto2024/RawData/SRR28984183_1.fastq	/Users/sophiehuebler/Documents/ODSi/ODSiData/Fujimoto2024/RawData/SRR28984183_2.fastq
SRR28984184	/Users/sophiehuebler/Documents/ODSi/ODSiData/Fujimoto2024/RawData/SRR28984184_1.fastq	/Users/sophiehuebler/Documents/ODSi/ODSiData/Fujimoto2024/RawData/SRR28984184_2.fastq
SRR28984185	/Users/sophiehuebler/Documents/ODSi/ODSiData/Fujimoto2024/RawData/SRR28984185_1.fastq	/Users/sophiehuebler/Documents/ODSi/ODSiData/Fujimoto2024/RawData/SRR28984185_2.fastq
SRR28984186	/Users/sophiehuebler/Documents/ODSi/ODSiData/Fujimoto2024/RawData/SRR28984186_1.fastq	/Users/sophiehuebler/Documents/ODSi/ODSiData/Fujimoto2024/RawData/SRR28984186_2.fastq
SRR28984187	/Users/sophiehuebler/Documents/ODSi/ODSiData/Fujimoto2024/RawData/SRR28984187_1.fastq	/Users/sophiehuebler/Documents/ODSi/ODSiData/Fujimoto2024/RawData/SRR28984187_2.fastq
SRR28984188	/Users/sophiehuebler/Documents/ODSi/ODSiData/Fujimoto2024/RawData/SRR28984188_1.fastq	/Users/sophiehuebler/Documents/ODSi/ODSiData/Fujimoto2024/RawData/SRR28984188_2.fastq
SRR28984189	/Users/sophiehuebler/Documents/ODSi/ODSiData/Fujimoto2024/RawData/SRR28984189_1.fastq	/Users/sophiehuebler/Documents/ODSi/ODSiData/Fujimoto2024/RawData/SRR28984189_2.fastq
SRR28984190	/Users/sophiehuebler/Documents/ODSi/ODSiData/Fujimoto2024/RawData/SRR28984190_1.fastq	/Users/sophiehuebler/Documents/ODSi/ODSiData/Fujimoto2024/RawData/SRR28984190_2.fastq
SRR28984191	/Users/sophiehuebler/Documents/ODSi/ODSiData/Fujimoto2024/RawData/SRR28984191_1.fastq	/Users/sophiehuebler/Documents/ODSi/ODSiData/Fujimoto2024/RawData/SRR28984191_2.fastq
SRR28984192	/Users/sophiehuebler/Documents/ODSi/ODSiData/Fujimoto2024/RawData/SRR28984192_1.fastq	/Users/sophiehuebler/Documents/ODSi/ODSiData/Fujimoto2024/RawData/SRR28984192_2.fastq
SRR28984193	/Users/sophiehuebler/Documents/ODSi/ODSiData/Fujimoto2024/RawData/SRR28984193_1.fastq	/Users/sophiehuebler/Documents/ODSi/ODSiData/Fujimoto2024/RawData/SRR28984193_2.fastq
SRR28984194	/Users/sophiehuebler/Documents/ODSi/ODSiData/Fujimoto2024/RawData/SRR28984194_1.fastq	/Users/sophiehuebler/Documents/ODSi/ODSiData/Fujimoto2024/RawData/SRR28984194_2.fastq
SRR28984195	/Users/sophiehuebler/Documents/ODSi/ODSiData/Fujimoto2024/RawData/SRR28984195_1.fastq	/Users/sophiehuebler/Documents/ODSi/ODSiData/Fujimoto2024/RawData/SRR28984195_2.fastq
SRR28984196	/Users/sophiehuebler/Documents/ODSi/ODSiData/Fujimoto2024/RawData/SRR28984196_1.fastq	/Users/sophiehuebler/Documents/ODSi/ODSiData/Fujimoto2024/RawData/SRR28984196_2.fastq
SRR28984197	/Users/sophiehuebler/Documents/ODSi/ODSiData/Fujimoto2024/RawData/SRR28984197_1.fastq	/Users/sophiehuebler/Documents/ODSi/ODSiData/Fujimoto2024/RawData/SRR28984197_2.fastq
SRR28984198	/Users/sophiehuebler/Documents/ODSi/ODSiData/Fujimoto2024/RawData/SRR28984198_1.fastq	/Users/sophiehuebler/Documents/ODSi/ODSiData/Fujimoto2024/RawData/SRR28984198_2.fastq
SRR28984199	/Users/sophiehuebler/Documents/ODSi/ODSiData/Fujimoto2024/RawData/SRR28984199_1.fastq	/Users/sophiehuebler/Documents/ODSi/ODSiData/Fujimoto2024/RawData/SRR28984199_2.fastq
SRR28984200	/Users/sophiehuebler/Documents/ODSi/ODSiData/Fujimoto2024/RawData/SRR28984200_1.fastq	/Users/sophiehuebler/Documents/ODSi/ODSiData/Fujimoto2024/RawData/SRR28984200_2.fastq
SRR28984201	/Users/sophiehuebler/Documents/ODSi/ODSiData/Fujimoto2024/RawData/SRR28984201_1.fastq	/Users/sophiehuebler/Documents/ODSi/ODSiData/Fujimoto2024/RawData/SRR28984201_2.fastq
SRR28984202	/Users/sophiehuebler/Documents/ODSi/ODSiData/Fujimoto2024/RawData/SRR28984202_1.fastq	/Users/sophiehuebler/Documents/ODSi/ODSiData/Fujimoto2024/RawData/SRR28984202_2.fastq
SRR28984203	/Users/sophiehuebler/Documents/ODSi/ODSiData/Fujimoto2024/RawData/SRR28984203_1.fastq	/Users/sophiehuebler/Documents/ODSi/ODSiData/Fujimoto2024/RawData/SRR28984203_2.fastq
SRR28984204	/Users/sophiehuebler/Documents/ODSi/ODSiData/Fujimoto2024/RawData/SRR28984204_1.fastq	/Users/sophiehuebler/Documents/ODSi/ODSiData/Fujimoto2024/RawData/SRR28984204_2.fastq
SRR28984205	/Users/sophiehuebler/Documents/ODSi/ODSiData/Fujimoto2024/RawData/SRR28984205_1.fastq	/Users/sophiehuebler/Documents/ODSi/ODSiData/Fujimoto2024/RawData/SRR28984205_2.fastq
SRR28984206	/Users/sophiehuebler/Documents/ODSi/ODSiData/Fujimoto2024/RawData/SRR28984206_1.fastq	/Users/sophiehuebler/Documents/ODSi/ODSiData/Fujimoto2024/RawData/SRR28984206_2.fastq
SRR28984207	/Users/sophiehuebler/Documents/ODSi/ODSiData/Fujimoto2024/RawData/SRR28984207_1.fastq	/Users/sophiehuebler/Documents/ODSi/ODSiData/Fujimoto2024/RawData/SRR28984207_2.fastq
SRR28984208	/Users/sophiehuebler/Documents/ODSi/ODSiData/Fujimoto2024/RawData/SRR28984208_1.fastq	/Users/sophiehuebler/Documents/ODSi/ODSiData/Fujimoto2024/RawData/SRR28984208_2.fastq
SRR28984209	/Users/sophiehuebler/Documents/ODSi/ODSiData/Fujimoto2024/RawData/SRR28984209_1.fastq	/Users/sophiehuebler/Documents/ODSi/ODSiData/Fujimoto2024/RawData/SRR28984209_2.fastq
SRR28984210	/Users/sophiehuebler/Documents/ODSi/ODSiData/Fujimoto2024/RawData/SRR28984210_1.fastq	/Users/sophiehuebler/Documents/ODSi/ODSiData/Fujimoto2024/RawData/SRR28984210_2.fastq
SRR28984211	/Users/sophiehuebler/Documents/ODSi/ODSiData/Fujimoto2024/RawData/SRR28984211_1.fastq	/Users/sophiehuebler/Documents/ODSi/ODSiData/Fujimoto2024/RawData/SRR28984211_2.fastq
SRR28984212	/Users/sophiehuebler/Documents/ODSi/ODSiData/Fujimoto2024/RawData/SRR28984212_1.fastq	/Users/sophiehuebler/Documents/ODSi/ODSiData/Fujimoto2024/RawData/SRR28984212_2.fastq
SRR28984213	/Users/sophiehuebler/Documents/ODSi/ODSiData/Fujimoto2024/RawData/SRR28984213_1.fastq	/Users/sophiehuebler/Documents/ODSi/ODSiData/Fujimoto2024/RawData/SRR28984213_2.fastq
SRR28984214	/Users/sophiehuebler/Documents/ODSi/ODSiData/Fujimoto2024/RawData/SRR28984214_1.fastq	/Users/sophiehuebler/Documents/ODSi/ODSiData/Fujimoto2024/RawData/SRR28984214_2.fastq
SRR28984215	/Users/sophiehuebler/Documents/ODSi/ODSiData/Fujimoto2024/RawData/SRR28984215_1.fastq	/Users/sophiehuebler/Documents/ODSi/ODSiData/Fujimoto2024/RawData/SRR28984215_2.fastq
SRR28984216	/Users/sophiehuebler/Documents/ODSi/ODSiData/Fujimoto2024/RawData/SRR28984216_1.fastq	/Users/sophiehuebler/Documents/ODSi/ODSiData/Fujimoto2024/RawData/SRR28984216_2.fastq
SRR28984217	/Users/sophiehuebler/Documents/ODSi/ODSiData/Fujimoto2024/RawData/SRR28984217_1.fastq	/Users/sophiehuebler/Documents/ODSi/ODSiData/Fujimoto2024/RawData/SRR28984217_2.fastq
SRR28984218	/Users/sophiehuebler/Documents/ODSi/ODSiData/Fujimoto2024/RawData/SRR28984218_1.fastq	/Users/sophiehuebler/Documents/ODSi/ODSiData/Fujimoto2024/RawData/SRR28984218_2.fastq
SRR28984219	/Users/sophiehuebler/Documents/ODSi/ODSiData/Fujimoto2024/RawData/SRR28984219_1.fastq	/Users/sophiehuebler/Documents/ODSi/ODSiData/Fujimoto2024/RawData/SRR28984219_2.fastq
SRR28984220	/Users/sophiehuebler/Documents/ODSi/ODSiData/Fujimoto2024/RawData/SRR28984220_1.fastq	/Users/sophiehuebler/Documents/ODSi/ODSiData/Fujimoto2024/RawData/SRR28984220_2.fastq
SRR28984221	/Users/sophiehuebler/Documents/ODSi/ODSiData/Fujimoto2024/RawData/SRR28984221_1.fastq	/Users/sophiehuebler/Documents/ODSi/ODSiData/Fujimoto2024/RawData/SRR28984221_2.fastq
SRR28984222	/Users/sophiehuebler/Documents/ODSi/ODSiData/Fujimoto2024/RawData/SRR28984222_1.fastq	/Users/sophiehuebler/Documents/ODSi/ODSiData/Fujimoto2024/RawData/SRR28984222_2.fastq
SRR28984223	/Users/sophiehuebler/Documents/ODSi/ODSiData/Fujimoto2024/RawData/SRR28984223_1.fastq	/Users/sophiehuebler/Documents/ODSi/ODSiData/Fujimoto2024/RawData/SRR28984223_2.fastq
SRR28984224	/Users/sophiehuebler/Documents/ODSi/ODSiData/Fujimoto2024/RawData/SRR28984224_1.fastq	/Users/sophiehuebler/Documents/ODSi/ODSiData/Fujimoto2024/RawData/SRR28984224_2.fastq
SRR28984225	/Users/sophiehuebler/Documents/ODSi/ODSiData/Fujimoto2024/RawData/SRR28984225_1.fastq	/Users/sophiehuebler/Documents/ODSi/ODSiData/Fujimoto2024/RawData/SRR28984225_2.fastq
SRR28984226	/Users/sophiehuebler/Documents/ODSi/ODSiData/Fujimoto2024/RawData/SRR28984226_1.fastq	/Users/sophiehuebler/Documents/ODSi/ODSiData/Fujimoto2024/RawData/SRR28984226_2.fastq
SRR28984227	/Users/sophiehuebler/Documents/ODSi/ODSiData/Fujimoto2024/RawData/SRR28984227_1.fastq	/Users/sophiehuebler/Documents/ODSi/ODSiData/Fujimoto2024/RawData/SRR28984227_2.fastq
SRR28984228	/Users/sophiehuebler/Documents/ODSi/ODSiData/Fujimoto2024/RawData/SRR28984228_1.fastq	/Users/sophiehuebler/Documents/ODSi/ODSiData/Fujimoto2024/RawData/SRR28984228_2.fastq
SRR28984229	/Users/sophiehuebler/Documents/ODSi/ODSiData/Fujimoto2024/RawData/SRR28984229_1.fastq	/Users/sophiehuebler/Documents/ODSi/ODSiData/Fujimoto2024/RawData/SRR28984229_2.fastq
SRR28984230	/Users/sophiehuebler/Documents/ODSi/ODSiData/Fujimoto2024/RawData/SRR28984230_1.fastq	/Users/sophiehuebler/Documents/ODSi/ODSiData/Fujimoto2024/RawData/SRR28984230_2.fastq
SRR28984231	/Users/sophiehuebler/Documents/ODSi/ODSiData/Fujimoto2024/RawData/SRR28984231_1.fastq	/Users/sophiehuebler/Documents/ODSi/ODSiData/Fujimoto2024/RawData/SRR28984231_2.fastq
SRR28984232	/Users/sophiehuebler/Documents/ODSi/ODSiData/Fujimoto2024/RawData/SRR28984232_1.fastq	/Users/sophiehuebler/Documents/ODSi/ODSiData/Fujimoto2024/RawData/SRR28984232_2.fastq
SRR28984233	/Users/sophiehuebler/Documents/ODSi/ODSiData/Fujimoto2024/RawData/SRR28984233_1.fastq	/Users/sophiehuebler/Documents/ODSi/ODSiData/Fujimoto2024/RawData/SRR28984233_2.fastq
SRR28984234	/Users/sophiehuebler/Documents/ODSi/ODSiData/Fujimoto2024/RawData/SRR28984234_1.fastq	/Users/sophiehuebler/Documents/ODSi/ODSiData/Fujimoto2024/RawData/SRR28984234_2.fastq
SRR28984235	/Users/sophiehuebler/Documents/ODSi/ODSiData/Fujimoto2024/RawData/SRR28984235_1.fastq	/Users/sophiehuebler/Documents/ODSi/ODSiData/Fujimoto2024/RawData/SRR28984235_2.fastq
SRR28984236	/Users/sophiehuebler/Documents/ODSi/ODSiData/Fujimoto2024/RawData/SRR28984236_1.fastq	/Users/sophiehuebler/Documents/ODSi/ODSiData/Fujimoto2024/RawData/SRR28984236_2.fastq
SRR28984237	/Users/sophiehuebler/Documents/ODSi/ODSiData/Fujimoto2024/RawData/SRR28984237_1.fastq	/Users/sophiehuebler/Documents/ODSi/ODSiData/Fujimoto2024/RawData/SRR28984237_2.fastq
SRR28984238	/Users/sophiehuebler/Documents/ODSi/ODSiData/Fujimoto2024/RawData/SRR28984238_1.fastq	/Users/sophiehuebler/Documents/ODSi/ODSiData/Fujimoto2024/RawData/SRR28984238_2.fastq
SRR28984239	/Users/sophiehuebler/Documents/ODSi/ODSiData/Fujimoto2024/RawData/SRR28984239_1.fastq	/Users/sophiehuebler/Documents/ODSi/ODSiData/Fujimoto2024/RawData/SRR28984239_2.fastq
SRR28984240	/Users/sophiehuebler/Documents/ODSi/ODSiData/Fujimoto2024/RawData/SRR28984240_1.fastq	/Users/sophiehuebler/Documents/ODSi/ODSiData/Fujimoto2024/RawData/SRR28984240_2.fastq
SRR28984241	/Users/sophiehuebler/Documents/ODSi/ODSiData/Fujimoto2024/RawData/SRR28984241_1.fastq	/Users/sophiehuebler/Documents/ODSi/ODSiData/Fujimoto2024/RawData/SRR28984241_2.fastq
SRR28984242	/Users/sophiehuebler/Documents/ODSi/ODSiData/Fujimoto2024/RawData/SRR28984242_1.fastq	/Users/sophiehuebler/Documents/ODSi/ODSiData/Fujimoto2024/RawData/SRR28984242_2.fastq
SRR28984243	/Users/sophiehuebler/Documents/ODSi/ODSiData/Fujimoto2024/RawData/SRR28984243_1.fastq	/Users/sophiehuebler/Documents/ODSi/ODSiData/Fujimoto2024/RawData/SRR28984243_2.fastq
SRR28984244	/Users/sophiehuebler/Documents/ODSi/ODSiData/Fujimoto2024/RawData/SRR28984244_1.fastq	/Users/sophiehuebler/Documents/ODSi/ODSiData/Fujimoto2024/RawData/SRR28984244_2.fastq
SRR28984245	/Users/sophiehuebler/Documents/ODSi/ODSiData/Fujimoto2024/RawData/SRR28984245_1.fastq	/Users/sophiehuebler/Documents/ODSi/ODSiData/Fujimoto2024/RawData/SRR28984245_2.fastq
SRR28984246	/Users/sophiehuebler/Documents/ODSi/ODSiData/Fujimoto2024/RawData/SRR28984246_1.fastq	/Users/sophiehuebler/Documents/ODSi/ODSiData/Fujimoto2024/RawData/SRR28984246_2.fastq
SRR28984247	/Users/sophiehuebler/Documents/ODSi/ODSiData/Fujimoto2024/RawData/SRR28984247_1.fastq	/Users/sophiehuebler/Documents/ODSi/ODSiData/Fujimoto2024/RawData/SRR28984247_2.fastq
SRR28984248	/Users/sophiehuebler/Documents/ODSi/ODSiData/Fujimoto2024/RawData/SRR28984248_1.fastq	/Users/sophiehuebler/Documents/ODSi/ODSiData/Fujimoto2024/RawData/SRR28984248_2.fastq
SRR28984249	/Users/sophiehuebler/Documents/ODSi/ODSiData/Fujimoto2024/RawData/SRR28984249_1.fastq	/Users/sophiehuebler/Documents/ODSi/ODSiData/Fujimoto2024/RawData/SRR28984249_2.fastq
SRR28984250	/Users/sophiehuebler/Documents/ODSi/ODSiData/Fujimoto2024/RawData/SRR28984250_1.fastq	/Users/sophiehuebler/Documents/ODSi/ODSiData/Fujimoto2024/RawData/SRR28984250_2.fastq
SRR28984251	/Users/sophiehuebler/Documents/ODSi/ODSiData/Fujimoto2024/RawData/SRR28984251_1.fastq	/Users/sophiehuebler/Documents/ODSi/ODSiData/Fujimoto2024/RawData/SRR28984251_2.fastq
SRR28984252	/Users/sophiehuebler/Documents/ODSi/ODSiData/Fujimoto2024/RawData/SRR28984252_1.fastq	/Users/sophiehuebler/Documents/ODSi/ODSiData/Fujimoto2024/RawData/SRR28984252_2.fastq
SRR28984253	/Users/sophiehuebler/Documents/ODSi/ODSiData/Fujimoto2024/RawData/SRR28984253_1.fastq	/Users/sophiehuebler/Documents/ODSi/ODSiData/Fujimoto2024/RawData/SRR28984253_2.fastq
SRR28984254	/Users/sophiehuebler/Documents/ODSi/ODSiData/Fujimoto2024/RawData/SRR28984254_1.fastq	/Users/sophiehuebler/Documents/ODSi/ODSiData/Fujimoto2024/RawData/SRR28984254_2.fastq
SRR28984255	/Users/sophiehuebler/Documents/ODSi/ODSiData/Fujimoto2024/RawData/SRR28984255_1.fastq	/Users/sophiehuebler/Documents/ODSi/ODSiData/Fujimoto2024/RawData/SRR28984255_2.fastq
SRR28984256	/Users/sophiehuebler/Documents/ODSi/ODSiData/Fujimoto2024/RawData/SRR28984256_1.fastq	/Users/sophiehuebler/Documents/ODSi/ODSiData/Fujimoto2024/RawData/SRR28984256_2.fastq
SRR28984257	/Users/sophiehuebler/Documents/ODSi/ODSiData/Fujimoto2024/RawData/SRR28984257_1.fastq	/Users/sophiehuebler/Documents/ODSi/ODSiData/Fujimoto2024/RawData/SRR28984257_2.fastq
SRR28984258	/Users/sophiehuebler/Documents/ODSi/ODSiData/Fujimoto2024/RawData/SRR28984258_1.fastq	/Users/sophiehuebler/Documents/ODSi/ODSiData/Fujimoto2024/RawData/SRR28984258_2.fastq
SRR28984259	/Users/sophiehuebler/Documents/ODSi/ODSiData/Fujimoto2024/RawData/SRR28984259_1.fastq	/Users/sophiehuebler/Documents/ODSi/ODSiData/Fujimoto2024/RawData/SRR28984259_2.fastq
SRR28984260	/Users/sophiehuebler/Documents/ODSi/ODSiData/Fujimoto2024/RawData/SRR28984260_1.fastq	/Users/sophiehuebler/Documents/ODSi/ODSiData/Fujimoto2024/RawData/SRR28984260_2.fastq
SRR28984261	/Users/sophiehuebler/Documents/ODSi/ODSiData/Fujimoto2024/RawData/SRR28984261_1.fastq	/Users/sophiehuebler/Documents/ODSi/ODSiData/Fujimoto2024/RawData/SRR28984261_2.fastq
SRR28984262	/Users/sophiehuebler/Documents/ODSi/ODSiData/Fujimoto2024/RawData/SRR28984262_1.fastq	/Users/sophiehuebler/Documents/ODSi/ODSiData/Fujimoto2024/RawData/SRR28984262_2.fastq
SRR28984263	/Users/sophiehuebler/Documents/ODSi/ODSiData/Fujimoto2024/RawData/SRR28984263_1.fastq	/Users/sophiehuebler/Documents/ODSi/ODSiData/Fujimoto2024/RawData/SRR28984263_2.fastq
SRR28984264	/Users/sophiehuebler/Documents/ODSi/ODSiData/Fujimoto2024/RawData/SRR28984264_1.fastq	/Users/sophiehuebler/Documents/ODSi/ODSiData/Fujimoto2024/RawData/SRR28984264_2.fastq
SRR28984265	/Users/sophiehuebler/Documents/ODSi/ODSiData/Fujimoto2024/RawData/SRR28984265_1.fastq	/Users/sophiehuebler/Documents/ODSi/ODSiData/Fujimoto2024/RawData/SRR28984265_2.fastq
SRR28984266	/Users/sophiehuebler/Documents/ODSi/ODSiData/Fujimoto2024/RawData/SRR28984266_1.fastq	/Users/sophiehuebler/Documents/ODSi/ODSiData/Fujimoto2024/RawData/SRR28984266_2.fastq
SRR28984267	/Users/sophiehuebler/Documents/ODSi/ODSiData/Fujimoto2024/RawData/SRR28984267_1.fastq	/Users/sophiehuebler/Documents/ODSi/ODSiData/Fujimoto2024/RawData/SRR28984267_2.fastq
SRR28984268	/Users/sophiehuebler/Documents/ODSi/ODSiData/Fujimoto2024/RawData/SRR28984268_1.fastq	/Users/sophiehuebler/Documents/ODSi/ODSiData/Fujimoto2024/RawData/SRR28984268_2.fastq
SRR28984269	/Users/sophiehuebler/Documents/ODSi/ODSiData/Fujimoto2024/RawData/SRR28984269_1.fastq	/Users/sophiehuebler/Documents/ODSi/ODSiData/Fujimoto2024/RawData/SRR28984269_2.fastq
SRR28984270	/Users/sophiehuebler/Documents/ODSi/ODSiData/Fujimoto2024/RawData/SRR28984270_1.fastq	/Users/sophiehuebler/Documents/ODSi/ODSiData/Fujimoto2024/RawData/SRR28984270_2.fastq
SRR28984271	/Users/sophiehuebler/Documents/ODSi/ODSiData/Fujimoto2024/RawData/SRR28984271_1.fastq	/Users/sophiehuebler/Documents/ODSi/ODSiData/Fujimoto2024/RawData/SRR28984271_2.fastq
SRR28984272	/Users/sophiehuebler/Documents/ODSi/ODSiData/Fujimoto2024/RawData/SRR28984272_1.fastq	/Users/sophiehuebler/Documents/ODSi/ODSiData/Fujimoto2024/RawData/SRR28984272_2.fastq
SRR28984273	/Users/sophiehuebler/Documents/ODSi/ODSiData/Fujimoto2024/RawData/SRR28984273_1.fastq	/Users/sophiehuebler/Documents/ODSi/ODSiData/Fujimoto2024/RawData/SRR28984273_2.fastq
SRR28984274	/Users/sophiehuebler/Documents/ODSi/ODSiData/Fujimoto2024/RawData/SRR28984274_1.fastq	/Users/sophiehuebler/Documents/ODSi/ODSiData/Fujimoto2024/RawData/SRR28984274_2.fastq
SRR28984275	/Users/sophiehuebler/Documents/ODSi/ODSiData/Fujimoto2024/RawData/SRR28984275_1.fastq	/Users/sophiehuebler/Documents/ODSi/ODSiData/Fujimoto2024/RawData/SRR28984275_2.fastq
SRR28984276	/Users/sophiehuebler/Documents/ODSi/ODSiData/Fujimoto2024/RawData/SRR28984276_1.fastq	/Users/sophiehuebler/Documents/ODSi/ODSiData/Fujimoto2024/RawData/SRR28984276_2.fastq
SRR28984277	/Users/sophiehuebler/Documents/ODSi/ODSiData/Fujimoto2024/RawData/SRR28984277_1.fastq	/Users/sophiehuebler/Documents/ODSi/ODSiData/Fujimoto2024/RawData/SRR28984277_2.fastq
SRR28984278	/Users/sophiehuebler/Documents/ODSi/ODSiData/Fujimoto2024/RawData/SRR28984278_1.fastq	/Users/sophiehuebler/Documents/ODSi/ODSiData/Fujimoto2024/RawData/SRR28984278_2.fastq
SRR28984279	/Users/sophiehuebler/Documents/ODSi/ODSiData/Fujimoto2024/RawData/SRR28984279_1.fastq	/Users/sophiehuebler/Documents/ODSi/ODSiData/Fujimoto2024/RawData/SRR28984279_2.fastq
SRR28984280	/Users/sophiehuebler/Documents/ODSi/ODSiData/Fujimoto2024/RawData/SRR28984280_1.fastq	/Users/sophiehuebler/Documents/ODSi/ODSiData/Fujimoto2024/RawData/SRR28984280_2.fastq
SRR28984281	/Users/sophiehuebler/Documents/ODSi/ODSiData/Fujimoto2024/RawData/SRR28984281_1.fastq	/Users/sophiehuebler/Documents/ODSi/ODSiData/Fujimoto2024/RawData/SRR28984281_2.fastq
SRR28984282	/Users/sophiehuebler/Documents/ODSi/ODSiData/Fujimoto2024/RawData/SRR28984282_1.fastq	/Users/sophiehuebler/Documents/ODSi/ODSiData/Fujimoto2024/RawData/SRR28984282_2.fastq
SRR28984283	/Users/sophiehuebler/Documents/ODSi/ODSiData/Fujimoto2024/RawData/SRR28984283_1.fastq	/Users/sophiehuebler/Documents/ODSi/ODSiData/Fujimoto2024/RawData/SRR28984283_2.fastq
SRR28984284	/Users/sophiehuebler/Documents/ODSi/ODSiData/Fujimoto2024/RawData/SRR28984284_1.fastq	/Users/sophiehuebler/Documents/ODSi/ODSiData/Fujimoto2024/RawData/SRR28984284_2.fastq
SRR28984285	/Users/sophiehuebler/Documents/ODSi/ODSiData/Fujimoto2024/RawData/SRR28984285_1.fastq	/Users/sophiehuebler/Documents/ODSi/ODSiData/Fujimoto2024/RawData/SRR28984285_2.fastq
SRR28984286	/Users/sophiehuebler/Documents/ODSi/ODSiData/Fujimoto2024/RawData/SRR28984286_1.fastq	/Users/sophiehuebler/Documents/ODSi/ODSiData/Fujimoto2024/RawData/SRR28984286_2.fastq
SRR28984287	/Users/sophiehuebler/Documents/ODSi/ODSiData/Fujimoto2024/RawData/SRR28984287_1.fastq	/Users/sophiehuebler/Documents/ODSi/ODSiData/Fujimoto2024/RawData/SRR28984287_2.fastq
SRR28984288	/Users/sophiehuebler/Documents/ODSi/ODSiData/Fujimoto2024/RawData/SRR28984288_1.fastq	/Users/sophiehuebler/Documents/ODSi/ODSiData/Fujimoto2024/RawData/SRR28984288_2.fastq
SRR28984289	/Users/sophiehuebler/Documents/ODSi/ODSiData/Fujimoto2024/RawData/SRR28984289_1.fastq	/Users/sophiehuebler/Documents/ODSi/ODSiData/Fujimoto2024/RawData/SRR28984289_2.fastq
SRR28984290	/Users/sophiehuebler/Documents/ODSi/ODSiData/Fujimoto2024/RawData/SRR28984290_1.fastq	/Users/sophiehuebler/Documents/ODSi/ODSiData/Fujimoto2024/RawData/SRR28984290_2.fastq
SRR28984291	/Users/sophiehuebler/Documents/ODSi/ODSiData/Fujimoto2024/RawData/SRR28984291_1.fastq	/Users/sophiehuebler/Documents/ODSi/ODSiData/Fujimoto2024/RawData/SRR28984291_2.fastq
SRR28984292	/Users/sophiehuebler/Documents/ODSi/ODSiData/Fujimoto2024/RawData/SRR28984292_1.fastq	/Users/sophiehuebler/Documents/ODSi/ODSiData/Fujimoto2024/RawData/SRR28984292_2.fastq
SRR28984293	/Users/sophiehuebler/Documents/ODSi/ODSiData/Fujimoto2024/RawData/SRR28984293_1.fastq	/Users/sophiehuebler/Documents/ODSi/ODSiData/Fujimoto2024/RawData/SRR28984293_2.fastq
SRR28984294	/Users/sophiehuebler/Documents/ODSi/ODSiData/Fujimoto2024/RawData/SRR28984294_1.fastq	/Users/sophiehuebler/Documents/ODSi/ODSiData/Fujimoto2024/RawData/SRR28984294_2.fastq
SRR28984295	/Users/sophiehuebler/Documents/ODSi/ODSiData/Fujimoto2024/RawData/SRR28984295_1.fastq	/Users/sophiehuebler/Documents/ODSi/ODSiData/Fujimoto2024/RawData/SRR28984295_2.fastq
SRR28984296	/Users/sophiehuebler/Documents/ODSi/ODSiData/Fujimoto2024/RawData/SRR28984296_1.fastq	/Users/sophiehuebler/Documents/ODSi/ODSiData/Fujimoto2024/RawData/SRR28984296_2.fastq
SRR28984297	/Users/sophiehuebler/Documents/ODSi/ODSiData/Fujimoto2024/RawData/SRR28984297_1.fastq	/Users/sophiehuebler/Documents/ODSi/ODSiData/Fujimoto2024/RawData/SRR28984297_2.fastq
SRR28984298	/Users/sophiehuebler/Documents/ODSi/ODSiData/Fujimoto2024/RawData/SRR28984298_1.fastq	/Users/sophiehuebler/Documents/ODSi/ODSiData/Fujimoto2024/RawData/SRR28984298_2.fastq
SRR28984299	/Users/sophiehuebler/Documents/ODSi/ODSiData/Fujimoto2024/RawData/SRR28984299_1.fastq	/Users/sophiehuebler/Documents/ODSi/ODSiData/Fujimoto2024/RawData/SRR28984299_2.fastq
SRR28984300	/Users/sophiehuebler/Documents/ODSi/ODSiData/Fujimoto2024/RawData/SRR28984300_1.fastq	/Users/sophiehuebler/Documents/ODSi/ODSiData/Fujimoto2024/RawData/SRR28984300_2.fastq
SRR28984301	/Users/sophiehuebler/Documents/ODSi/ODSiData/Fujimoto2024/RawData/SRR28984301_1.fastq	/Users/sophiehuebler/Documents/ODSi/ODSiData/Fujimoto2024/RawData/SRR28984301_2.fastq
SRR28984302	/Users/sophiehuebler/Documents/ODSi/ODSiData/Fujimoto2024/RawData/SRR28984302_1.fastq	/Users/sophiehuebler/Documents/ODSi/ODSiData/Fujimoto2024/RawData/SRR28984302_2.fastq
SRR28984303	/Users/sophiehuebler/Documents/ODSi/ODSiData/Fujimoto2024/RawData/SRR28984303_1.fastq	/Users/sophiehuebler/Documents/ODSi/ODSiData/Fujimoto2024/RawData/SRR28984303_2.fastq
SRR28984304	/Users/sophiehuebler/Documents/ODSi/ODSiData/Fujimoto2024/RawData/SRR28984304_1.fastq	/Users/sophiehuebler/Documents/ODSi/ODSiData/Fujimoto2024/RawData/SRR28984304_2.fastq
SRR28984305	/Users/sophiehuebler/Documents/ODSi/ODSiData/Fujimoto2024/RawData/SRR28984305_1.fastq	/Users/sophiehuebler/Documents/ODSi/ODSiData/Fujimoto2024/RawData/SRR28984305_2.fastq
SRR28984306	/Users/sophiehuebler/Documents/ODSi/ODSiData/Fujimoto2024/RawData/SRR28984306_1.fastq	/Users/sophiehuebler/Documents/ODSi/ODSiData/Fujimoto2024/RawData/SRR28984306_2.fastq
SRR28984307	/Users/sophiehuebler/Documents/ODSi/ODSiData/Fujimoto2024/RawData/SRR28984307_1.fastq	/Users/sophiehuebler/Documents/ODSi/ODSiData/Fujimoto2024/RawData/SRR28984307_2.fastq
SRR28984308	/Users/sophiehuebler/Documents/ODSi/ODSiData/Fujimoto2024/RawData/SRR28984308_1.fastq	/Users/sophiehuebler/Documents/ODSi/ODSiData/Fujimoto2024/RawData/SRR28984308_2.fastq
SRR28984309	/Users/sophiehuebler/Documents/ODSi/ODSiData/Fujimoto2024/RawData/SRR28984309_1.fastq	/Users/sophiehuebler/Documents/ODSi/ODSiData/Fujimoto2024/RawData/SRR28984309_2.fastq
SRR28984310	/Users/sophiehuebler/Documents/ODSi/ODSiData/Fujimoto2024/RawData/SRR28984310_1.fastq	/Users/sophiehuebler/Documents/ODSi/ODSiData/Fujimoto2024/RawData/SRR28984310_2.fastq
SRR28984311	/Users/sophiehuebler/Documents/ODSi/ODSiData/Fujimoto2024/RawData/SRR28984311_1.fastq	/Users/sophiehuebler/Documents/ODSi/ODSiData/Fujimoto2024/RawData/SRR28984311_2.fastq
SRR28984312	/Users/sophiehuebler/Documents/ODSi/ODSiData/Fujimoto2024/RawData/SRR28984312_1.fastq	/Users/sophiehuebler/Documents/ODSi/ODSiData/Fujimoto2024/RawData/SRR28984312_2.fastq
SRR28984313	/Users/sophiehuebler/Documents/ODSi/ODSiData/Fujimoto2024/RawData/SRR28984313_1.fastq	/Users/sophiehuebler/Documents/ODSi/ODSiData/Fujimoto2024/RawData/SRR28984313_2.fastq
SRR28984314	/Users/sophiehuebler/Documents/ODSi/ODSiData/Fujimoto2024/RawData/SRR28984314_1.fastq	/Users/sophiehuebler/Documents/ODSi/ODSiData/Fujimoto2024/RawData/SRR28984314_2.fastq
SRR28984315	/Users/sophiehuebler/Documents/ODSi/ODSiData/Fujimoto2024/RawData/SRR28984315_1.fastq	/Users/sophiehuebler/Documents/ODSi/ODSiData/Fujimoto2024/RawData/SRR28984315_2.fastq
SRR28984316	/Users/sophiehuebler/Documents/ODSi/ODSiData/Fujimoto2024/RawData/SRR28984316_1.fastq	/Users/sophiehuebler/Documents/ODSi/ODSiData/Fujimoto2024/RawData/SRR28984316_2.fastq
SRR28984317	/Users/sophiehuebler/Documents/ODSi/ODSiData/Fujimoto2024/RawData/SRR28984317_1.fastq	/Users/sophiehuebler/Documents/ODSi/ODSiData/Fujimoto2024/RawData/SRR28984317_2.fastq
SRR28984318	/Users/sophiehuebler/Documents/ODSi/ODSiData/Fujimoto2024/RawData/SRR28984318_1.fastq	/Users/sophiehuebler/Documents/ODSi/ODSiData/Fujimoto2024/RawData/SRR28984318_2.fastq
SRR28984319	/Users/sophiehuebler/Documents/ODSi/ODSiData/Fujimoto2024/RawData/SRR28984319_1.fastq	/Users/sophiehuebler/Documents/ODSi/ODSiData/Fujimoto2024/RawData/SRR28984319_2.fastq
SRR28984320	/Users/sophiehuebler/Documents/ODSi/ODSiData/Fujimoto2024/RawData/SRR28984320_1.fastq	/Users/sophiehuebler/Documents/ODSi/ODSiData/Fujimoto2024/RawData/SRR28984320_2.fastq
SRR28984321	/Users/sophiehuebler/Documents/ODSi/ODSiData/Fujimoto2024/RawData/SRR28984321_1.fastq	/Users/sophiehuebler/Documents/ODSi/ODSiData/Fujimoto2024/RawData/SRR28984321_2.fastq
SRR28984322	/Users/sophiehuebler/Documents/ODSi/ODSiData/Fujimoto2024/RawData/SRR28984322_1.fastq	/Users/sophiehuebler/Documents/ODSi/ODSiData/Fujimoto2024/RawData/SRR28984322_2.fastq
SRR28984323	/Users/sophiehuebler/Documents/ODSi/ODSiData/Fujimoto2024/RawData/SRR28984323_1.fastq	/Users/sophiehuebler/Documents/ODSi/ODSiData/Fujimoto2024/RawData/SRR28984323_2.fastq
SRR28984324	/Users/sophiehuebler/Documents/ODSi/ODSiData/Fujimoto2024/RawData/SRR28984324_1.fastq	/Users/sophiehuebler/Documents/ODSi/ODSiData/Fujimoto2024/RawData/SRR28984324_2.fastq
SRR28984325	/Users/sophiehuebler/Documents/ODSi/ODSiData/Fujimoto2024/RawData/SRR28984325_1.fastq	/Users/sophiehuebler/Documents/ODSi/ODSiData/Fujimoto2024/RawData/SRR28984325_2.fastq
SRR28984326	/Users/sophiehuebler/Documents/ODSi/ODSiData/Fujimoto2024/RawData/SRR28984326_1.fastq	/Users/sophiehuebler/Documents/ODSi/ODSiData/Fujimoto2024/RawData/SRR28984326_2.fastq
SRR28984327	/Users/sophiehuebler/Documents/ODSi/ODSiData/Fujimoto2024/RawData/SRR28984327_1.fastq	/Users/sophiehuebler/Documents/ODSi/ODSiData/Fujimoto2024/RawData/SRR28984327_2.fastq
SRR28984328	/Users/sophiehuebler/Documents/ODSi/ODSiData/Fujimoto2024/RawData/SRR28984328_1.fastq	/Users/sophiehuebler/Documents/ODSi/ODSiData/Fujimoto2024/RawData/SRR28984328_2.fastq
SRR28984329	/Users/sophiehuebler/Documents/ODSi/ODSiData/Fujimoto2024/RawData/SRR28984329_1.fastq	/Users/sophiehuebler/Documents/ODSi/ODSiData/Fujimoto2024/RawData/SRR28984329_2.fastq
SRR28984330	/Users/sophiehuebler/Documents/ODSi/ODSiData/Fujimoto2024/RawData/SRR28984330_1.fastq	/Users/sophiehuebler/Documents/ODSi/ODSiData/Fujimoto2024/RawData/SRR28984330_2.fastq
SRR28984331	/Users/sophiehuebler/Documents/ODSi/ODSiData/Fujimoto2024/RawData/SRR28984331_1.fastq	/Users/sophiehuebler/Documents/ODSi/ODSiData/Fujimoto2024/RawData/SRR28984331_2.fastq
SRR28984332	/Users/sophiehuebler/Documents/ODSi/ODSiData/Fujimoto2024/RawData/SRR28984332_1.fastq	/Users/sophiehuebler/Documents/ODSi/ODSiData/Fujimoto2024/RawData/SRR28984332_2.fastq
SRR28984333	/Users/sophiehuebler/Documents/ODSi/ODSiData/Fujimoto2024/RawData/SRR28984333_1.fastq	/Users/sophiehuebler/Documents/ODSi/ODSiData/Fujimoto2024/RawData/SRR28984333_2.fastq
SRR28984334	/Users/sophiehuebler/Documents/ODSi/ODSiData/Fujimoto2024/RawData/SRR28984334_1.fastq	/Users/sophiehuebler/Documents/ODSi/ODSiData/Fujimoto2024/RawData/SRR28984334_2.fastq
SRR28984335	/Users/sophiehuebler/Documents/ODSi/ODSiData/Fujimoto2024/RawData/SRR28984335_1.fastq	/Users/sophiehuebler/Documents/ODSi/ODSiData/Fujimoto2024/RawData/SRR28984335_2.fastq
SRR28984336	/Users/sophiehuebler/Documents/ODSi/ODSiData/Fujimoto2024/RawData/SRR28984336_1.fastq	/Users/sophiehuebler/Documents/ODSi/ODSiData/Fujimoto2024/RawData/SRR28984336_2.fastq
SRR28984337	/Users/sophiehuebler/Documents/ODSi/ODSiData/Fujimoto2024/RawData/SRR28984337_1.fastq	/Users/sophiehuebler/Documents/ODSi/ODSiData/Fujimoto2024/RawData/SRR28984337_2.fastq
SRR28984338	/Users/sophiehuebler/Documents/ODSi/ODSiData/Fujimoto2024/RawData/SRR28984338_1.fastq	/Users/sophiehuebler/Documents/ODSi/ODSiData/Fujimoto2024/RawData/SRR28984338_2.fastq
SRR28984339	/Users/sophiehuebler/Documents/ODSi/ODSiData/Fujimoto2024/RawData/SRR28984339_1.fastq	/Users/sophiehuebler/Documents/ODSi/ODSiData/Fujimoto2024/RawData/SRR28984339_2.fastq
SRR28984340	/Users/sophiehuebler/Documents/ODSi/ODSiData/Fujimoto2024/RawData/SRR28984340_1.fastq	/Users/sophiehuebler/Documents/ODSi/ODSiData/Fujimoto2024/RawData/SRR28984340_2.fastq
SRR28984341	/Users/sophiehuebler/Documents/ODSi/ODSiData/Fujimoto2024/RawData/SRR28984341_1.fastq	/Users/sophiehuebler/Documents/ODSi/ODSiData/Fujimoto2024/RawData/SRR28984341_2.fastq
SRR28984342	/Users/sophiehuebler/Documents/ODSi/ODSiData/Fujimoto2024/RawData/SRR28984342_1.fastq	/Users/sophiehuebler/Documents/ODSi/ODSiData/Fujimoto2024/RawData/SRR28984342_2.fastq
SRR28984343	/Users/sophiehuebler/Documents/ODSi/ODSiData/Fujimoto2024/RawData/SRR28984343_1.fastq	/Users/sophiehuebler/Documents/ODSi/ODSiData/Fujimoto2024/RawData/SRR28984343_2.fastq
SRR28984344	/Users/sophiehuebler/Documents/ODSi/ODSiData/Fujimoto2024/RawData/SRR28984344_1.fastq	/Users/sophiehuebler/Documents/ODSi/ODSiData/Fujimoto2024/RawData/SRR28984344_2.fastq
SRR28984345	/Users/sophiehuebler/Documents/ODSi/ODSiData/Fujimoto2024/RawData/SRR28984345_1.fastq	/Users/sophiehuebler/Documents/ODSi/ODSiData/Fujimoto2024/RawData/SRR28984345_2.fastq
SRR28984346	/Users/sophiehuebler/Documents/ODSi/ODSiData/Fujimoto2024/RawData/SRR28984346_1.fastq	/Users/sophiehuebler/Documents/ODSi/ODSiData/Fujimoto2024/RawData/SRR28984346_2.fastq
SRR28984347	/Users/sophiehuebler/Documents/ODSi/ODSiData/Fujimoto2024/RawData/SRR28984347_1.fastq	/Users/sophiehuebler/Documents/ODSi/ODSiData/Fujimoto2024/RawData/SRR28984347_2.fastq
SRR28984348	/Users/sophiehuebler/Documents/ODSi/ODSiData/Fujimoto2024/RawData/SRR28984348_1.fastq	/Users/sophiehuebler/Documents/ODSi/ODSiData/Fujimoto2024/RawData/SRR28984348_2.fastq
SRR28984349	/Users/sophiehuebler/Documents/ODSi/ODSiData/Fujimoto2024/RawData/SRR28984349_1.fastq	/Users/sophiehuebler/Documents/ODSi/ODSiData/Fujimoto2024/RawData/SRR28984349_2.fastq
SRR28984350	/Users/sophiehuebler/Documents/ODSi/ODSiData/Fujimoto2024/RawData/SRR28984350_1.fastq	/Users/sophiehuebler/Documents/ODSi/ODSiData/Fujimoto2024/RawData/SRR28984350_2.fastq
SRR28984351	/Users/sophiehuebler/Documents/ODSi/ODSiData/Fujimoto2024/RawData/SRR28984351_1.fastq	/Users/sophiehuebler/Documents/ODSi/ODSiData/Fujimoto2024/RawData/SRR28984351_2.fastq
SRR28984352	/Users/sophiehuebler/Documents/ODSi/ODSiData/Fujimoto2024/RawData/SRR28984352_1.fastq	/Users/sophiehuebler/Documents/ODSi/ODSiData/Fujimoto2024/RawData/SRR28984352_2.fastq
SRR28984353	/Users/sophiehuebler/Documents/ODSi/ODSiData/Fujimoto2024/RawData/SRR28984353_1.fastq	/Users/sophiehuebler/Documents/ODSi/ODSiData/Fujimoto2024/RawData/SRR28984353_2.fastq
SRR28984354	/Users/sophiehuebler/Documents/ODSi/ODSiData/Fujimoto2024/RawData/SRR28984354_1.fastq	/Users/sophiehuebler/Documents/ODSi/ODSiData/Fujimoto2024/RawData/SRR28984354_2.fastq
SRR28984355	/Users/sophiehuebler/Documents/ODSi/ODSiData/Fujimoto2024/RawData/SRR28984355_1.fastq	/Users/sophiehuebler/Documents/ODSi/ODSiData/Fujimoto2024/RawData/SRR28984355_2.fastq
SRR28984356	/Users/sophiehuebler/Documents/ODSi/ODSiData/Fujimoto2024/RawData/SRR28984356_1.fastq	/Users/sophiehuebler/Documents/ODSi/ODSiData/Fujimoto2024/RawData/SRR28984356_2.fastq
SRR28984357	/Users/sophiehuebler/Documents/ODSi/ODSiData/Fujimoto2024/RawData/SRR28984357_1.fastq	/Users/sophiehuebler/Documents/ODSi/ODSiData/Fujimoto2024/RawData/SRR28984357_2.fastq
SRR28984358	/Users/sophiehuebler/Documents/ODSi/ODSiData/Fujimoto2024/RawData/SRR28984358_1.fastq	/Users/sophiehuebler/Documents/ODSi/ODSiData/Fujimoto2024/RawData/SRR28984358_2.fastq
SRR28984359	/Users/sophiehuebler/Documents/ODSi/ODSiData/Fujimoto2024/RawData/SRR28984359_1.fastq	/Users/sophiehuebler/Documents/ODSi/ODSiData/Fujimoto2024/RawData/SRR28984359_2.fastq
SRR28984360	/Users/sophiehuebler/Documents/ODSi/ODSiData/Fujimoto2024/RawData/SRR28984360_1.fastq	/Users/sophiehuebler/Documents/ODSi/ODSiData/Fujimoto2024/RawData/SRR28984360_2.fastq
SRR28984361	/Users/sophiehuebler/Documents/ODSi/ODSiData/Fujimoto2024/RawData/SRR28984361_1.fastq	/Users/sophiehuebler/Documents/ODSi/ODSiData/Fujimoto2024/RawData/SRR28984361_2.fastq
SRR28984362	/Users/sophiehuebler/Documents/ODSi/ODSiData/Fujimoto2024/RawData/SRR28984362_1.fastq	/Users/sophiehuebler/Documents/ODSi/ODSiData/Fujimoto2024/RawData/SRR28984362_2.fastq
SRR28984363	/Users/sophiehuebler/Documents/ODSi/ODSiData/Fujimoto2024/RawData/SRR28984363_1.fastq	/Users/sophiehuebler/Documents/ODSi/ODSiData/Fujimoto2024/RawData/SRR28984363_2.fastq
SRR28984364	/Users/sophiehuebler/Documents/ODSi/ODSiData/Fujimoto2024/RawData/SRR28984364_1.fastq	/Users/sophiehuebler/Documents/ODSi/ODSiData/Fujimoto2024/RawData/SRR28984364_2.fastq
SRR28984365	/Users/sophiehuebler/Documents/ODSi/ODSiData/Fujimoto2024/RawData/SRR28984365_1.fastq	/Users/sophiehuebler/Documents/ODSi/ODSiData/Fujimoto2024/RawData/SRR28984365_2.fastq
SRR28984366	/Users/sophiehuebler/Documents/ODSi/ODSiData/Fujimoto2024/RawData/SRR28984366_1.fastq	/Users/sophiehuebler/Documents/ODSi/ODSiData/Fujimoto2024/RawData/SRR28984366_2.fastq
SRR28984367	/Users/sophiehuebler/Documents/ODSi/ODSiData/Fujimoto2024/RawData/SRR28984367_1.fastq	/Users/sophiehuebler/Documents/ODSi/ODSiData/Fujimoto2024/RawData/SRR28984367_2.fastq
SRR28984368	/Users/sophiehuebler/Documents/ODSi/ODSiData/Fujimoto2024/RawData/SRR28984368_1.fastq	/Users/sophiehuebler/Documents/ODSi/ODSiData/Fujimoto2024/RawData/SRR28984368_2.fastq
SRR28984369	/Users/sophiehuebler/Documents/ODSi/ODSiData/Fujimoto2024/RawData/SRR28984369_1.fastq	/Users/sophiehuebler/Documents/ODSi/ODSiData/Fujimoto2024/RawData/SRR28984369_2.fastq
SRR28984370	/Users/sophiehuebler/Documents/ODSi/ODSiData/Fujimoto2024/RawData/SRR28984370_1.fastq	/Users/sophiehuebler/Documents/ODSi/ODSiData/Fujimoto2024/RawData/SRR28984370_2.fastq
SRR28984371	/Users/sophiehuebler/Documents/ODSi/ODSiData/Fujimoto2024/RawData/SRR28984371_1.fastq	/Users/sophiehuebler/Documents/ODSi/ODSiData/Fujimoto2024/RawData/SRR28984371_2.fastq
SRR28984372	/Users/sophiehuebler/Documents/ODSi/ODSiData/Fujimoto2024/RawData/SRR28984372_1.fastq	/Users/sophiehuebler/Documents/ODSi/ODSiData/Fujimoto2024/RawData/SRR28984372_2.fastq
SRR28984373	/Users/sophiehuebler/Documents/ODSi/ODSiData/Fujimoto2024/RawData/SRR28984373_1.fastq	/Users/sophiehuebler/Documents/ODSi/ODSiData/Fujimoto2024/RawData/SRR28984373_2.fastq
SRR28984374	/Users/sophiehuebler/Documents/ODSi/ODSiData/Fujimoto2024/RawData/SRR28984374_1.fastq	/Users/sophiehuebler/Documents/ODSi/ODSiData/Fujimoto2024/RawData/SRR28984374_2.fastq
SRR28984375	/Users/sophiehuebler/Documents/ODSi/ODSiData/Fujimoto2024/RawData/SRR28984375_1.fastq	/Users/sophiehuebler/Documents/ODSi/ODSiData/Fujimoto2024/RawData/SRR28984375_2.fastq
SRR28984376	/Users/sophiehuebler/Documents/ODSi/ODSiData/Fujimoto2024/RawData/SRR28984376_1.fastq	/Users/sophiehuebler/Documents/ODSi/ODSiData/Fujimoto2024/RawData/SRR28984376_2.fastq
SRR28984377	/Users/sophiehuebler/Documents/ODSi/ODSiData/Fujimoto2024/RawData/SRR28984377_1.fastq	/Users/sophiehuebler/Documents/ODSi/ODSiData/Fujimoto2024/RawData/SRR28984377_2.fastq
SRR28984378	/Users/sophiehuebler/Documents/ODSi/ODSiData/Fujimoto2024/RawData/SRR28984378_1.fastq	/Users/sophiehuebler/Documents/ODSi/ODSiData/Fujimoto2024/RawData/SRR28984378_2.fastq
SRR28984379	/Users/sophiehuebler/Documents/ODSi/ODSiData/Fujimoto2024/RawData/SRR28984379_1.fastq	/Users/sophiehuebler/Documents/ODSi/ODSiData/Fujimoto2024/RawData/SRR28984379_2.fastq
SRR28984380	/Users/sophiehuebler/Documents/ODSi/ODSiData/Fujimoto2024/RawData/SRR28984380_1.fastq	/Users/sophiehuebler/Documents/ODSi/ODSiData/Fujimoto2024/RawData/SRR28984380_2.fastq
SRR28984381	/Users/sophiehuebler/Documents/ODSi/ODSiData/Fujimoto2024/RawData/SRR28984381_1.fastq	/Users/sophiehuebler/Documents/ODSi/ODSiData/Fujimoto2024/RawData/SRR28984381_2.fastq
SRR28984382	/Users/sophiehuebler/Documents/ODSi/ODSiData/Fujimoto2024/RawData/SRR28984382_1.fastq	/Users/sophiehuebler/Documents/ODSi/ODSiData/Fujimoto2024/RawData/SRR28984382_2.fastq
SRR28984383	/Users/sophiehuebler/Documents/ODSi/ODSiData/Fujimoto2024/RawData/SRR28984383_1.fastq	/Users/sophiehuebler/Documents/ODSi/ODSiData/Fujimoto2024/RawData/SRR28984383_2.fastq
SRR28984384	/Users/sophiehuebler/Documents/ODSi/ODSiData/Fujimoto2024/RawData/SRR28984384_1.fastq	/Users/sophiehuebler/Documents/ODSi/ODSiData/Fujimoto2024/RawData/SRR28984384_2.fastq
SRR28984385	/Users/sophiehuebler/Documents/ODSi/ODSiData/Fujimoto2024/RawData/SRR28984385_1.fastq	/Users/sophiehuebler/Documents/ODSi/ODSiData/Fujimoto2024/RawData/SRR28984385_2.fastq
SRR28984386	/Users/sophiehuebler/Documents/ODSi/ODSiData/Fujimoto2024/RawData/SRR28984386_1.fastq	/Users/sophiehuebler/Documents/ODSi/ODSiData/Fujimoto2024/RawData/SRR28984386_2.fastq
SRR28984387	/Users/sophiehuebler/Documents/ODSi/ODSiData/Fujimoto2024/RawData/SRR28984387_1.fastq	/Users/sophiehuebler/Documents/ODSi/ODSiData/Fujimoto2024/RawData/SRR28984387_2.fastq
SRR28984388	/Users/sophiehuebler/Documents/ODSi/ODSiData/Fujimoto2024/RawData/SRR28984388_1.fastq	/Users/sophiehuebler/Documents/ODSi/ODSiData/Fujimoto2024/RawData/SRR28984388_2.fastq
SRR28984399	/Users/sophiehuebler/Documents/ODSi/ODSiData/Fujimoto2024/RawData/SRR28984399_1.fastq	/Users/sophiehuebler/Documents/ODSi/ODSiData/Fujimoto2024/RawData/SRR28984399_2.fastq
SRR28984411	/Users/sophiehuebler/Documents/ODSi/ODSiData/Fujimoto2024/RawData/SRR28984411_1.fastq	/Users/sophiehuebler/Documents/ODSi/ODSiData/Fujimoto2024/RawData/SRR28984411_2.fastq
SRR28984424	/Users/sophiehuebler/Documents/ODSi/ODSiData/Fujimoto2024/RawData/SRR28984424_1.fastq	/Users/sophiehuebler/Documents/ODSi/ODSiData/Fujimoto2024/RawData/SRR28984424_2.fastq
SRR28984436	/Users/sophiehuebler/Documents/ODSi/ODSiData/Fujimoto2024/RawData/SRR28984436_1.fastq	/Users/sophiehuebler/Documents/ODSi/ODSiData/Fujimoto2024/RawData/SRR28984436_2.fastq
SRR28984440	/Users/sophiehuebler/Documents/ODSi/ODSiData/Fujimoto2024/RawData/SRR28984440_1.fastq	/Users/sophiehuebler/Documents/ODSi/ODSiData/Fujimoto2024/RawData/SRR28984440_2.fastq
SRR28984452	/Users/sophiehuebler/Documents/ODSi/ODSiData/Fujimoto2024/RawData/SRR28984452_1.fastq	/Users/sophiehuebler/Documents/ODSi/ODSiData/Fujimoto2024/RawData/SRR28984452_2.fastq
SRR28984466	/Users/sophiehuebler/Documents/ODSi/ODSiData/Fujimoto2024/RawData/SRR28984466_1.fastq	/Users/sophiehuebler/Documents/ODSi/ODSiData/Fujimoto2024/RawData/SRR28984466_2.fastq
SRR28984476	/Users/sophiehuebler/Documents/ODSi/ODSiData/Fujimoto2024/RawData/SRR28984476_1.fastq	/Users/sophiehuebler/Documents/ODSi/ODSiData/Fujimoto2024/RawData/SRR28984476_2.fastq
SRR28984487	/Users/sophiehuebler/Documents/ODSi/ODSiData/Fujimoto2024/RawData/SRR28984487_1.fastq	/Users/sophiehuebler/Documents/ODSi/ODSiData/Fujimoto2024/RawData/SRR28984487_2.fastq
SRR28984492	/Users/sophiehuebler/Documents/ODSi/ODSiData/Fujimoto2024/RawData/SRR28984492_1.fastq	/Users/sophiehuebler/Documents/ODSi/ODSiData/Fujimoto2024/RawData/SRR28984492_2.fastq
SRR28984502	/Users/sophiehuebler/Documents/ODSi/ODSiData/Fujimoto2024/RawData/SRR28984502_1.fastq	/Users/sophiehuebler/Documents/ODSi/ODSiData/Fujimoto2024/RawData/SRR28984502_2.fastq
SRR28984503	/Users/sophiehuebler/Documents/ODSi/ODSiData/Fujimoto2024/RawData/SRR28984503_1.fastq	/Users/sophiehuebler/Documents/ODSi/ODSiData/Fujimoto2024/RawData/SRR28984503_2.fastq
SRR28984520	/Users/sophiehuebler/Documents/ODSi/ODSiData/Fujimoto2024/RawData/SRR28984520_1.fastq	/Users/sophiehuebler/Documents/ODSi/ODSiData/Fujimoto2024/RawData/SRR28984520_2.fastq
SRR28984527	/Users/sophiehuebler/Documents/ODSi/ODSiData/Fujimoto2024/RawData/SRR28984527_1.fastq	/Users/sophiehuebler/Documents/ODSi/ODSiData/Fujimoto2024/RawData/SRR28984527_2.fastq
SRR28984534	/Users/sophiehuebler/Documents/ODSi/ODSiData/Fujimoto2024/RawData/SRR28984534_1.fastq	/Users/sophiehuebler/Documents/ODSi/ODSiData/Fujimoto2024/RawData/SRR28984534_2.fastq
SRR28984541	/Users/sophiehuebler/Documents/ODSi/ODSiData/Fujimoto2024/RawData/SRR28984541_1.fastq	/Users/sophiehuebler/Documents/ODSi/ODSiData/Fujimoto2024/RawData/SRR28984541_2.fastq
SRR28984556	/Users/sophiehuebler/Documents/ODSi/ODSiData/Fujimoto2024/RawData/SRR28984556_1.fastq	/Users/sophiehuebler/Documents/ODSi/ODSiData/Fujimoto2024/RawData/SRR28984556_2.fastq
SRR28984570	/Users/sophiehuebler/Documents/ODSi/ODSiData/Fujimoto2024/RawData/SRR28984570_1.fastq	/Users/sophiehuebler/Documents/ODSi/ODSiData/Fujimoto2024/RawData/SRR28984570_2.fastq
SRR28984581	/Users/sophiehuebler/Documents/ODSi/ODSiData/Fujimoto2024/RawData/SRR28984581_1.fastq	/Users/sophiehuebler/Documents/ODSi/ODSiData/Fujimoto2024/RawData/SRR28984581_2.fastq
SRR28984591	/Users/sophiehuebler/Documents/ODSi/ODSiData/Fujimoto2024/RawData/SRR28984591_1.fastq	/Users/sophiehuebler/Documents/ODSi/ODSiData/Fujimoto2024/RawData/SRR28984591_2.fastq
SRR28984605	/Users/sophiehuebler/Documents/ODSi/ODSiData/Fujimoto2024/RawData/SRR28984605_1.fastq	/Users/sophiehuebler/Documents/ODSi/ODSiData/Fujimoto2024/RawData/SRR28984605_2.fastq
SRR28984615	/Users/sophiehuebler/Documents/ODSi/ODSiData/Fujimoto2024/RawData/SRR28984615_1.fastq	/Users/sophiehuebler/Documents/ODSi/ODSiData/Fujimoto2024/RawData/SRR28984615_2.fastq
SRR28984616	/Users/sophiehuebler/Documents/ODSi/ODSiData/Fujimoto2024/RawData/SRR28984616_1.fastq	/Users/sophiehuebler/Documents/ODSi/ODSiData/Fujimoto2024/RawData/SRR28984616_2.fastq
SRR28984617	/Users/sophiehuebler/Documents/ODSi/ODSiData/Fujimoto2024/RawData/SRR28984617_1.fastq	/Users/sophiehuebler/Documents/ODSi/ODSiData/Fujimoto2024/RawData/SRR28984617_2.fastq
SRR28984627	/Users/sophiehuebler/Documents/ODSi/ODSiData/Fujimoto2024/RawData/SRR28984627_1.fastq	/Users/sophiehuebler/Documents/ODSi/ODSiData/Fujimoto2024/RawData/SRR28984627_2.fastq
SRR28984639	/Users/sophiehuebler/Documents/ODSi/ODSiData/Fujimoto2024/RawData/SRR28984639_1.fastq	/Users/sophiehuebler/Documents/ODSi/ODSiData/Fujimoto2024/RawData/SRR28984639_2.fastq
SRR28984650	/Users/sophiehuebler/Documents/ODSi/ODSiData/Fujimoto2024/RawData/SRR28984650_1.fastq	/Users/sophiehuebler/Documents/ODSi/ODSiData/Fujimoto2024/RawData/SRR28984650_2.fastq
SRR28984661	/Users/sophiehuebler/Documents/ODSi/ODSiData/Fujimoto2024/RawData/SRR28984661_1.fastq	/Users/sophiehuebler/Documents/ODSi/ODSiData/Fujimoto2024/RawData/SRR28984661_2.fastq
SRR28984664	/Users/sophiehuebler/Documents/ODSi/ODSiData/Fujimoto2024/RawData/SRR28984664_1.fastq	/Users/sophiehuebler/Documents/ODSi/ODSiData/Fujimoto2024/RawData/SRR28984664_2.fastq
SRR28984673	/Users/sophiehuebler/Documents/ODSi/ODSiData/Fujimoto2024/RawData/SRR28984673_1.fastq	/Users/sophiehuebler/Documents/ODSi/ODSiData/Fujimoto2024/RawData/SRR28984673_2.fastq
SRR28984684	/Users/sophiehuebler/Documents/ODSi/ODSiData/Fujimoto2024/RawData/SRR28984684_1.fastq	/Users/sophiehuebler/Documents/ODSi/ODSiData/Fujimoto2024/RawData/SRR28984684_2.fastq
SRR28984698	/Users/sophiehuebler/Documents/ODSi/ODSiData/Fujimoto2024/RawData/SRR28984698_1.fastq	/Users/sophiehuebler/Documents/ODSi/ODSiData/Fujimoto2024/RawData/SRR28984698_2.fastq
SRR28984707	/Users/sophiehuebler/Documents/ODSi/ODSiData/Fujimoto2024/RawData/SRR28984707_1.fastq	/Users/sophiehuebler/Documents/ODSi/ODSiData/Fujimoto2024/RawData/SRR28984707_2.fastq
SRR28984714	/Users/sophiehuebler/Documents/ODSi/ODSiData/Fujimoto2024/RawData/SRR28984714_1.fastq	/Users/sophiehuebler/Documents/ODSi/ODSiData/Fujimoto2024/RawData/SRR28984714_2.fastq
SRR28984716	/Users/sophiehuebler/Documents/ODSi/ODSiData/Fujimoto2024/RawData/SRR28984716_1.fastq	/Users/sophiehuebler/Documents/ODSi/ODSiData/Fujimoto2024/RawData/SRR28984716_2.fastq
